mssv,ho_ten,khoa,nam_hoc,tinh_tp,so_tin_chi,gpa,gio_tu_hoc,ngay_nhap_hoc
2200001,Bùi Thanh Yến,Ngôn ngữ,1,TP. Hồ Chí Minh,23,2.66,7.0,2022-09-23
2200002,Trần Văn Mai,Du lịch,4,Hà Nội,12,4.0,10.0,2022-09-09
2200003,Phạm Thị Nam,Kỹ thuật Công nghệ,1,TP. Hồ Chí Minh,16,3.37,8.4,2022-09-08
2200004,Bùi Gia An,Kỹ thuật Công nghệ,2,Hà Nội,24,2.44,12.8,2022-09-17
2200005,Vũ Minh Khanh,Kỹ thuật Công nghệ,4,TP. Hồ Chí Minh,14,2.58,,2022-09-18
2200006,Phạm Gia Dũng,Ngôn ngữ,3,TP. Hồ Chí Minh,15,1.89,12.0,2022-09-25
2200007,Hoàng Minh Dũng,Du lịch,2,Lâm Đồng,14,2.53,8.8,2022-09-08
2200008,Huỳnh Minh Mai,Du lịch,2,TP. Hồ Chí Minh,17,2.33,1.6,2022-09-23
2200009,Phan Văn Khanh,Kỹ thuật Công nghệ,3,Khánh Hòa,23,3.05,8.8,2022-09-24
2200010,Huỳnh Minh Phúc,Du lịch,2,Cần Thơ,13,2.41,9.8,2022-09-05
2200011,Bùi Gia Vy,Kinh tế,4,TP. Hồ Chí Minh,17,3.25,8.7,2022-09-25
2200012,Lê Thanh Giang,Ngôn ngữ,4,TP. Hồ Chí Minh,12,4.0,16.0,2022-09-15
2200013,Hoàng Văn Thảo,Kỹ thuật Công nghệ,2,Đồng Nai,18,2.55,13.4,2022-09-14
2200014,Lê Minh Hùng,Luật,1,Đồng Nai,19,2.01,,2022-09-20
2200015,Hoàng Gia Tuấn,Ngôn ngữ,2,Đà Nẵng,21,2.17,,2022-09-19
2200016,Đặng Quốc Nam,Kỹ thuật Công nghệ,2,TP. Hồ Chí Minh,22,3.03,13.2,2022-09-09
2200017,Nguyễn Hữu Hà,Kinh tế,4,Đà Nẵng,16,2.86,5.4,2022-09-18
2200018,Phan Thanh Trang,Kinh tế,2,Đà Nẵng,14,3.01,9.8,2022-09-17
2200019,Huỳnh Văn Thảo,Kinh tế,3,TP. Hồ Chí Minh,15,2.9,11.5,2022-09-17
2200020,Phạm Ngọc Oanh,Kỹ thuật Công nghệ,2,Bình Dương,16,2.65,6.2,2022-09-13
2200021,Phạm Thị Dũng,Kỹ thuật Công nghệ,2,TP. Hồ Chí Minh,16,3.03,15.7,2022-09-18
2200022,Nguyễn Văn Chi,Kỹ thuật Công nghệ,2,Lâm Đồng,16,2.47,11.5,2022-09-23
2200023,Huỳnh Thị Thảo,Kỹ thuật Công nghệ,1,Lâm Đồng,15,,10.6,2022-09-23
2200024,Hoàng Minh Nam,Luật,1,Cần Thơ,17,2.66,10.4,2022-09-13
2200025,Phan Gia Hà,Kinh tế,3,Đà Nẵng,18,3.05,11.9,2022-09-11
2200026,Lê Ngọc Giang,Ngôn ngữ,4,Đà Nẵng,18,2.95,13.6,2022-09-23
2200027,Nguyễn Minh Tuấn,Kỹ thuật Công nghệ,3,Khánh Hòa,16,,8.3,2022-09-14
2200028,Phạm Gia An,Ngôn ngữ,2,TP. Hồ Chí Minh,22,1.87,10.1,2022-09-08
2200029,Trần Minh Phúc,Ngôn ngữ,4,Bình Dương,16,2.95,6.1,2022-09-14
2200030,Phạm Thanh Quân,Kinh tế,2,Lâm Đồng,22,2.14,7.4,2022-09-13
2200031,Hoàng Thị Quân,Kinh tế,2,Đồng Nai,21,2.43,6.1,2022-09-05
2200032,Trần Quốc Sơn,Kỹ thuật Công nghệ,3,Hà Nội,21,3.03,10.7,2022-09-24
2200033,Nguyễn Minh Thảo,Kỹ thuật Công nghệ,4,TP. Hồ Chí Minh,13,2.02,15.5,2022-09-14
2200034,Hoàng Gia Dũng,Kinh tế,4,TP. Hồ Chí Minh,19,2.53,,2022-09-14
2200035,Trần Văn Quân,Ngôn ngữ,4,TP. Hồ Chí Minh,21,3.16,5.1,2022-09-07
2200036,Đặng Minh Quân,Kỹ thuật Công nghệ,3,Hà Nội,20,2.55,10.1,2022-09-19
2200037,Đặng Thanh An,Kỹ thuật Công nghệ,1,TP. Hồ Chí Minh,20,2.35,7.7,2022-09-24
2200038,Vũ Văn Chi,Du lịch,2,Bình Dương,16,1.79,8.9,2022-09-19
2200039,Vũ Gia Thảo,Kỹ thuật Công nghệ,2,Bình Dương,12,2.34,9.1,2022-09-18
2200040,Trần Gia Nam,Kinh tế,1,TP. Hồ Chí Minh,14,2.27,10.1,2022-09-12
2200041,Vũ Gia Nam,Luật,3,TP. Hồ Chí Minh,12,3.26,9.5,2022-09-11
2200042,Trần Thanh Yến,Luật,2,TP. Hồ Chí Minh,17,3.49,11.1,2022-09-24
2200043,Nguyễn Gia Bình,Luật,4,TP. Hồ Chí Minh,12,2.8,,2022-09-22
2200044,Nguyễn Hữu Nam,Kỹ thuật Công nghệ,2,Bình Dương,24,2.48,10.3,2022-09-22
2200045,Vũ Văn Bình,Luật,2,Hà Nội,22,2.44,9.9,2022-09-13
2200046,Lê Thị Hà,Kỹ thuật Công nghệ,2,Bình Dương,20,2.07,6.4,2022-09-16
2200047,Trần Thị Giang,Ngôn ngữ,3,Đồng Nai,14,2.06,10.8,2022-09-21
2200048,Phạm Hữu Chi,Kỹ thuật Công nghệ,2,Đà Nẵng,23,2.57,8.4,2022-09-18
2200049,Phan Gia Tuấn,Du lịch,2,TP. Hồ Chí Minh,13,,8.2,2022-09-23
2200050,Bùi Ngọc Mai,Kỹ thuật Công nghệ,1,TP. Hồ Chí Minh,16,2.69,5.9,2022-09-08
2200051,Trần Ngọc Vy,Kỹ thuật Công nghệ,2,Đồng Nai,12,3.07,16.5,2022-09-08
2200052,Phan Hữu Chi,Du lịch,4,Bình Dương,18,3.97,5.9,2022-09-18
2200053,Phạm Gia Linh,Kinh tế,2,TP. Hồ Chí Minh,20,2.56,6.5,2022-09-25
2200054,Đặng Văn Mai,Kỹ thuật Công nghệ,3,Lâm Đồng,19,2.81,8.6,2022-09-07
2200055,Hoàng Ngọc Chi,Du lịch,1,TP. Hồ Chí Minh,18,2.37,10.4,2022-09-13
2200056,Huỳnh Ngọc Phúc,Ngôn ngữ,3,TP. Hồ Chí Minh,16,3.21,15.7,2022-09-19
2200057,Đặng Hữu Chi,Ngôn ngữ,1,TP. Hồ Chí Minh,13,2.35,6.7,2022-09-21
2200058,Trần Thanh Hà,Kỹ thuật Công nghệ,1,TP. Hồ Chí Minh,24,3.13,7.1,2022-09-08
2200059,Vũ Thanh Hà,Ngôn ngữ,4,TP. Hồ Chí Minh,21,2.97,7.5,2022-09-08
2200060,Lê Quốc Oanh,Luật,1,Bình Dương,21,2.61,10.7,2022-09-14
2200061,Phan Ngọc Bình,Du lịch,4,TP. Hồ Chí Minh,18,2.56,6.3,2022-09-09
2200062,Bùi Hữu Khanh,Du lịch,2,Đà Nẵng,12,2.29,5.9,2022-09-17
2200063,Huỳnh Ngọc Trang,Du lịch,4,Khánh Hòa,24,3.42,8.8,2022-09-13
2200064,Huỳnh Gia Chi,Kinh tế,1,TP. Hồ Chí Minh,13,3.04,8.2,2022-09-12
2200065,Đặng Thanh Nam,Kỹ thuật Công nghệ,4,Hà Nội,24,,5.4,2022-09-11
2200066,Vũ Quốc Giang,Kỹ thuật Công nghệ,4,TP. Hồ Chí Minh,12,2.47,15.2,2022-09-16
2200067,Hoàng Văn Mai,Ngôn ngữ,2,Bình Dương,23,2.92,8.3,2022-09-15
2200068,Đặng Thị An,Luật,2,TP. Hồ Chí Minh,22,2.77,12.3,2022-09-20
2200069,Nguyễn Ngọc Hà,Kỹ thuật Công nghệ,4,Cần Thơ,22,2.64,9.3,2022-09-11
2200070,Huỳnh Quốc Quân,Kinh tế,2,,16,2.84,7.3,2022-09-25
2200071,Lê Minh Tuấn,Kỹ thuật Công nghệ,2,Đà Nẵng,21,2.98,10.9,2022-09-14
2200072,Huỳnh Ngọc Quân,Kỹ thuật Công nghệ,1,TP. Hồ Chí Minh,18,2.98,8.5,2022-09-20
2200073,Nguyễn Gia Phúc,Kinh tế,3,TP. Hồ Chí Minh,19,3.68,18.8,2022-09-24
2200074,Hoàng Ngọc Tuấn,Luật,2,Lâm Đồng,20,2.15,10.0,2022-09-17
2200075,Nguyễn Minh Yến,Ngôn ngữ,4,Đà Nẵng,19,2.75,14.8,2022-09-12
2200076,Hoàng Thanh Quân,Kỹ thuật Công nghệ,4,Bình Dương,20,3.03,5.7,2022-09-08
2200077,Phạm Minh Yến,Kỹ thuật Công nghệ,2,Khánh Hòa,21,1.82,3.7,2022-09-23
2200078,Lê Thị Vy,Kinh tế,1,Khánh Hòa,14,2.93,7.9,2022-09-15
2200079,Hoàng Quốc Chi,Du lịch,4,TP. Hồ Chí Minh,24,2.54,10.8,2022-09-07
2200080,Vũ Thanh Trang,Kỹ thuật Công nghệ,3,Cần Thơ,17,2.68,,2022-09-24
2200081,Đặng Quốc Chi,Kỹ thuật Công nghệ,3,Đồng Nai,19,2.28,10.8,2022-09-19
2200082,Phan Thanh Thảo,Du lịch,1,Bình Dương,12,2.23,4.8,2022-09-13
2200083,Đặng Minh Giang,Kỹ thuật Công nghệ,2,Hà Nội,18,2.68,9.8,2022-09-09
2200084,Phan Minh Giang,Kỹ thuật Công nghệ,3,Khánh Hòa,18,1.93,12.1,2022-09-13
2200085,Bùi Hữu Trang,Du lịch,1,Khánh Hòa,22,2.55,8.3,2022-09-05
2200086,Huỳnh Gia Nam,Luật,1,Bình Dương,15,2.16,5.1,2022-09-07
2200087,Nguyễn Văn Trang,Kỹ thuật Công nghệ,2,TP. Hồ Chí Minh,13,2.57,8.6,2022-09-08
2200088,Đặng Thị Mai,Luật,3,Hà Nội,23,2.26,10.4,2022-09-22
2200089,Trần Gia Oanh,Du lịch,2,Đồng Nai,24,2.9,12.2,2022-09-17
2200090,Đặng Văn Vy,Ngôn ngữ,2,Hà Nội,20,1.63,8.4,2022-09-22
2200091,Nguyễn Ngọc Tuấn,Kinh tế,3,Hà Nội,12,2.72,7.6,2022-09-11
2200092,Vũ Quốc An,Kinh tế,1,Đà Nẵng,24,1.77,7.4,2022-09-19
2200093,Hoàng Ngọc Sơn,Ngôn ngữ,1,TP. Hồ Chí Minh,22,2.23,7.6,2022-09-17
2200094,Huỳnh Quốc Sơn,Kinh tế,1,TP. Hồ Chí Minh,21,1.91,,2022-09-16
2200095,Phạm Hữu Trang,Kinh tế,1,Lâm Đồng,13,3.17,11.1,2022-09-13
2200096,Đặng Ngọc Yến,Kỹ thuật Công nghệ,2,TP. Hồ Chí Minh,17,3.03,9.5,2022-09-17
2200097,Phạm Gia An,Kỹ thuật Công nghệ,1,TP. Hồ Chí Minh,14,2.83,9.2,2022-09-06
2200098,Phan Hữu Hà,Kinh tế,3,Lâm Đồng,16,2.2,0.0,2022-09-09
2200099,Vũ Văn Bình,Luật,2,Khánh Hòa,16,,8.9,2022-09-13
2200100,Vũ Thị Mai,Kinh tế,2,TP. Hồ Chí Minh,19,2.21,8.4,2022-09-18
2200101,Bùi Thị Khanh,Kỹ thuật Công nghệ,4,Hà Nội,23,1.88,11.4,2022-09-12
2200102,Lê Văn Thảo,Kỹ thuật Công nghệ,2,Đồng Nai,15,2.81,4.3,2022-09-19
2200103,Vũ Thị Dũng,Kỹ thuật Công nghệ,2,Hà Nội,15,2.67,11.5,2022-09-11
2200104,Trần Gia Quân,Kinh tế,4,TP. Hồ Chí Minh,14,2.78,12.9,2022-09-07
2200105,Đặng Văn Giang,Kỹ thuật Công nghệ,4,TP. Hồ Chí Minh,17,3.01,7.4,2022-09-17
2200106,Phạm Thị Dũng,Kỹ thuật Công nghệ,4,TP. Hồ Chí Minh,21,2.21,9.3,2022-09-24
2200107,Nguyễn Thanh Khanh,Kỹ thuật Công nghệ,2,Bình Dương,21,2.46,11.4,2022-09-25
2200108,Huỳnh Hữu Sơn,Kỹ thuật Công nghệ,1,Đà Nẵng,16,2.34,6.9,2022-09-24
2200109,Đặng Minh Oanh,Du lịch,2,TP. Hồ Chí Minh,16,3.21,7.9,2022-09-09
2200110,Huỳnh Hữu Quân,Kinh tế,2,TP. Hồ Chí Minh,19,2.0,12.4,2022-09-08
2200111,Vũ Minh Tuấn,Kỹ thuật Công nghệ,1,Đà Nẵng,12,2.61,8.7,2022-09-05
2200112,Đặng Ngọc Mai,Luật,4,TP. Hồ Chí Minh,14,3.08,15.2,2022-09-23
2200113,Trần Minh Sơn,Kinh tế,3,Lâm Đồng,17,3.14,5.9,2022-09-15
2200114,Đặng Thanh Thảo,Kỹ thuật Công nghệ,1,TP. Hồ Chí Minh,21,2.52,7.2,2022-09-16
2200115,Đặng Văn Hùng,Luật,1,Cần Thơ,22,2.23,12.7,2022-09-18
2200116,Lê Minh Bình,Kỹ thuật Công nghệ,1,TP. Hồ Chí Minh,16,1.79,7.7,2022-09-06
2200117,Bùi Minh Dũng,Ngôn ngữ,2,Cần Thơ,18,1.87,4.2,2022-09-24
2200118,Phạm Thanh Vy,Kinh tế,2,TP. Hồ Chí Minh,24,2.27,7.2,2022-09-16
2200119,Trần Thanh Khanh,Du lịch,1,Đồng Nai,20,3.0,15.7,2022-09-22
2200120,Bùi Minh Sơn,Du lịch,4,TP. Hồ Chí Minh,14,3.6,10.0,2022-09-22
2200121,Lê Thanh Phúc,Luật,4,TP. Hồ Chí Minh,24,2.53,7.7,2022-09-23
2200122,Nguyễn Gia Chi,Kinh tế,3,TP. Hồ Chí Minh,23,2.74,11.7,2022-09-10
2200123,Vũ Gia Hà,Ngôn ngữ,1,Hà Nội,22,2.85,10.5,2022-09-12
2200124,Phạm Hữu Hùng,Ngôn ngữ,1,TP. Hồ Chí Minh,17,1.98,9.1,2022-09-23
2200125,Nguyễn Thị Vy,Kinh tế,1,TP. Hồ Chí Minh,19,2.43,7.8,2022-09-14
2200126,Lê Ngọc Oanh,Kinh tế,3,TP. Hồ Chí Minh,24,2.35,9.5,2022-09-24
2200127,Hoàng Ngọc Bình,Kinh tế,2,Đồng Nai,15,2.6,8.2,2022-09-19
2200128,Lê Ngọc Mai,Kỹ thuật Công nghệ,2,Lâm Đồng,17,2.3,3.6,2022-09-23
2200129,Huỳnh Thị Thảo,Kỹ thuật Công nghệ,1,TP. Hồ Chí Minh,12,1.83,10.6,2022-09-22
2200130,Phan Thị Quân,Kỹ thuật Công nghệ,1,TP. Hồ Chí Minh,22,3.26,12.2,2022-09-17
2200131,Lê Minh Vy,Luật,3,TP. Hồ Chí Minh,24,2.12,8.4,2022-09-23
2200132,Phạm Thanh An,Kỹ thuật Công nghệ,3,Cần Thơ,13,2.46,8.1,2022-09-09
2200133,Lê Thị Tuấn,Du lịch,3,Hà Nội,24,2.95,13.3,2022-09-13
2200134,Lê Ngọc Linh,Du lịch,3,TP. Hồ Chí Minh,17,1.71,13.2,2022-09-05
2200135,Phạm Thị Giang,Kinh tế,4,Cần Thơ,21,3.18,11.0,2022-09-22
2200136,Phạm Thanh Mai,Kỹ thuật Công nghệ,3,TP. Hồ Chí Minh,18,2.93,12.3,2022-09-15
2200137,Nguyễn Minh Yến,Kinh tế,4,TP. Hồ Chí Minh,19,2.89,14.4,2022-09-14
2200138,Phạm Thị Bình,Ngôn ngữ,2,Cần Thơ,24,1.86,6.2,2022-09-06
2200139,Phạm Minh Vy,Ngôn ngữ,3,Lâm Đồng,14,2.86,,2022-09-08
2200140,Huỳnh Thanh Oanh,Du lịch,2,Đồng Nai,16,3.07,10.3,2022-09-23
2200141,Lê Hữu Hùng,Kinh tế,1,TP. Hồ Chí Minh,21,2.75,7.8,2022-09-17
2200142,Hoàng Ngọc Oanh,Kỹ thuật Công nghệ,2,Lâm Đồng,17,1.36,12.9,2022-09-22
2200143,Phạm Ngọc Chi,Kinh tế,4,TP. Hồ Chí Minh,22,2.42,6.7,2022-09-21
2200144,Lê Thanh Tuấn,Ngôn ngữ,1,TP. Hồ Chí Minh,22,2.44,12.3,2022-09-09
2200145,Lê Thị Sơn,Kinh tế,4,Lâm Đồng,20,3.22,14.3,2022-09-23
2200146,Bùi Minh Quân,Kỹ thuật Công nghệ,2,Đồng Nai,16,1.89,4.0,2022-09-10
2200147,Hoàng Gia Giang,Luật,1,TP. Hồ Chí Minh,13,1.89,5.7,2022-09-12
2200148,Hoàng Hữu Quân,Kinh tế,1,Lâm Đồng,12,2.62,4.5,2022-09-20
2200149,Huỳnh Ngọc Chi,Kỹ thuật Công nghệ,2,TP. Hồ Chí Minh,18,3.58,8.5,2022-09-21
2200150,Hoàng Quốc Giang,Kinh tế,3,TP. Hồ Chí Minh,22,3.27,11.8,2022-09-12
2200151,Nguyễn Thị Bình,Kinh tế,1,TP. Hồ Chí Minh,16,2.82,2.0,2022-09-17
2200152,Hoàng Thị Nam,Luật,4,Cần Thơ,24,3.34,12.5,2022-09-21
2200153,Lê Thị Nam,Kỹ thuật Công nghệ,4,Đà Nẵng,13,3.04,0.1,2022-09-20
2200154,Đặng Quốc Linh,Du lịch,1,TP. Hồ Chí Minh,20,3.14,6.1,2022-09-15
2200155,Trần Thanh Linh,Kỹ thuật Công nghệ,4,Khánh Hòa,18,2.52,7.2,2022-09-20
2200156,Phan Gia Yến,Du lịch,3,TP. Hồ Chí Minh,14,2.55,9.3,2022-09-18
2200157,Đặng Quốc Thảo,Kỹ thuật Công nghệ,1,TP. Hồ Chí Minh,18,1.36,7.7,2022-09-07
2200158,Phan Hữu Khanh,Kinh tế,3,,23,3.26,9.1,2022-09-10
2200159,Trần Ngọc Sơn,Kỹ thuật Công nghệ,1,Lâm Đồng,20,2.09,9.7,2022-09-10
2200160,Đặng Minh Chi,Du lịch,2,TP. Hồ Chí Minh,17,2.92,15.3,2022-09-14
2200161,Trần Minh Yến,Luật,4,Bình Dương,13,,8.6,2022-09-25
2200162,Lê Hữu Giang,Du lịch,4,Bình Dương,15,2.45,7.0,2022-09-25
2200163,Phan Minh Thảo,Kinh tế,3,Hà Nội,24,2.9,16.7,2022-09-08
2200164,Nguyễn Gia An,Kinh tế,4,Đồng Nai,24,2.66,11.8,2022-09-11
2200165,Bùi Hữu Trang,Kỹ thuật Công nghệ,1,Lâm Đồng,21,2.1,7.6,2022-09-08
2200166,Phan Thanh Linh,Kinh tế,2,Hà Nội,17,2.37,6.9,2022-09-06
2200167,Lê Gia Tuấn,Kỹ thuật Công nghệ,4,Cần Thơ,15,2.7,12.5,2022-09-05
2200168,Nguyễn Quốc Yến,Du lịch,3,TP. Hồ Chí Minh,20,2.49,3.6,2022-09-18
2200169,Vũ Thị Vy,Kinh tế,2,TP. Hồ Chí Minh,24,3.0,11.0,2022-09-05
2200170,Bùi Minh Phúc,Kỹ thuật Công nghệ,1,Đồng Nai,20,2.31,8.6,2022-09-13
2200171,Vũ Quốc Sơn,Ngôn ngữ,3,Hà Nội,13,1.89,4.8,2022-09-07
2200172,Nguyễn Ngọc Oanh,Du lịch,4,Khánh Hòa,15,3.38,10.0,2022-09-14
2200173,Hoàng Thị Chi,Kinh tế,2,TP. Hồ Chí Minh,17,2.24,7.6,2022-09-22
2200174,Trần Thanh Sơn,Kinh tế,2,TP. Hồ Chí Minh,12,3.2,4.4,2022-09-24
2200175,Phạm Quốc Quân,Ngôn ngữ,1,Khánh Hòa,16,2.78,8.7,2022-09-05
2200176,Vũ Thị Sơn,Ngôn ngữ,2,Bình Dương,24,2.06,3.8,2022-09-11
2200177,Hoàng Minh Trang,Ngôn ngữ,2,TP. Hồ Chí Minh,24,3.22,3.7,2022-09-17
2200178,Phạm Hữu Thảo,Ngôn ngữ,4,Bình Dương,21,2.53,8.5,2022-09-08
2200179,Hoàng Thị Trang,Luật,4,Hà Nội,16,3.41,2.9,2022-09-06
2200180,Đặng Thanh Giang,Kỹ thuật Công nghệ,3,TP. Hồ Chí Minh,18,2.0,0.0,2022-09-25
2200181,Đặng Minh Linh,Luật,3,Hà Nội,21,2.73,8.8,2022-09-11
2200182,Đặng Minh Hà,Du lịch,2,TP. Hồ Chí Minh,21,2.09,8.8,2022-09-17
2200183,Phan Gia Linh,Kinh tế,1,Đà Nẵng,15,2.5,10.2,2022-09-25
2200184,Vũ Thị Chi,Kinh tế,2,TP. Hồ Chí Minh,22,2.5,8.1,2022-09-11
2200185,Trần Gia Linh,Luật,1,Hà Nội,18,2.24,10.6,2022-09-15
2200186,Vũ Quốc Quân,Kỹ thuật Công nghệ,3,Khánh Hòa,19,2.31,12.0,2022-09-25
2200187,Lê Ngọc Sơn,Luật,2,TP. Hồ Chí Minh,14,2.19,8.7,2022-09-15
2200188,Lê Văn Quân,Kinh tế,2,TP. Hồ Chí Minh,14,2.14,5.2,2022-09-11
2200189,Hoàng Quốc Tuấn,Kỹ thuật Công nghệ,2,Hà Nội,18,2.59,10.7,2022-09-05
2200190,Vũ Thị Dũng,Ngôn ngữ,3,TP. Hồ Chí Minh,22,2.43,7.3,2022-09-24
2200191,Huỳnh Minh Dũng,Kỹ thuật Công nghệ,2,Đà Nẵng,21,2.43,,2022-09-16
2200192,Đặng Ngọc Linh,Du lịch,1,Đồng Nai,16,2.44,5.7,2022-09-21
2200193,Trần Thanh Linh,Kinh tế,2,Đà Nẵng,16,2.32,12.1,2022-09-08
2200194,Phan Gia Tuấn,Kinh tế,3,Hà Nội,15,2.62,11.7,2022-09-13
2200195,Phạm Thanh Thảo,Kinh tế,2,TP. Hồ Chí Minh,16,2.09,10.3,2022-09-12
2200196,Đặng Gia Sơn,Kỹ thuật Công nghệ,1,Khánh Hòa,24,2.86,7.9,2022-09-24
2200197,Vũ Ngọc Giang,Ngôn ngữ,3,Khánh Hòa,20,2.78,7.4,2022-09-13
2200198,Bùi Minh Khanh,Kinh tế,2,TP. Hồ Chí Minh,13,2.78,4.4,2022-09-17
2200199,Hoàng Thanh Giang,Kỹ thuật Công nghệ,2,Khánh Hòa,16,2.47,4.3,2022-09-10
2200200,Vũ Quốc Mai,Kỹ thuật Công nghệ,3,TP. Hồ Chí Minh,22,2.39,7.7,2022-09-23
2200201,Nguyễn Hữu Vy,Luật,1,Đà Nẵng,22,2.55,,2022-09-13
2200202,Lê Quốc Vy,Kinh tế,4,Đà Nẵng,17,3.09,6.0,2022-09-20
2200203,Nguyễn Quốc Dũng,Kỹ thuật Công nghệ,2,Đồng Nai,21,2.58,2.3,2022-09-08
2200204,Vũ Thị Hùng,Du lịch,3,TP. Hồ Chí Minh,23,2.3,14.2,2022-09-22
2200205,Phạm Thị Giang,Kinh tế,2,Hà Nội,17,2.45,7.3,2022-09-19
2200206,Hoàng Gia Hà,Du lịch,2,Bình Dương,24,2.76,15.7,2022-09-08
2200207,Hoàng Thị Sơn,Kỹ thuật Công nghệ,3,Cần Thơ,13,2.71,9.9,2022-09-18
2200208,Trần Văn Khanh,Kinh tế,4,TP. Hồ Chí Minh,15,3.19,3.0,2022-09-16
2200209,Hoàng Quốc Oanh,Kinh tế,2,Cần Thơ,23,3.27,13.4,2022-09-20
2200210,Hoàng Minh Nam,Luật,1,Bình Dương,13,3.07,,2022-09-15
2200211,Bùi Thị Giang,Kinh tế,1,Lâm Đồng,14,1.99,4.8,2022-09-22
2200212,Hoàng Minh Thảo,Kỹ thuật Công nghệ,1,Đồng Nai,13,2.8,8.8,2022-09-13
2200213,Bùi Gia Dũng,Ngôn ngữ,4,Cần Thơ,19,3.04,7.1,2022-09-19
2200214,Trần Ngọc Sơn,Du lịch,1,Lâm Đồng,15,1.38,4.7,2022-09-10
2200215,Phan Văn Trang,Kỹ thuật Công nghệ,2,Khánh Hòa,12,2.26,6.1,2022-09-05
2200216,Huỳnh Thanh Phúc,Kinh tế,1,TP. Hồ Chí Minh,24,,8.9,2022-09-24
2200217,Bùi Quốc Sơn,Kỹ thuật Công nghệ,1,TP. Hồ Chí Minh,16,2.25,4.1,2022-09-20
2200218,Bùi Thanh Bình,Kinh tế,3,Hà Nội,16,2.4,12.1,2022-09-24
2200219,Phan Ngọc Quân,Ngôn ngữ,3,TP. Hồ Chí Minh,15,2.48,12.0,2022-09-15
2200220,Phan Ngọc Khanh,Ngôn ngữ,1,TP. Hồ Chí Minh,15,3.07,10.6,2022-09-12
2200221,Trần Thanh Linh,Kỹ thuật Công nghệ,3,Cần Thơ,13,2.13,4.6,2022-09-19
2200222,Nguyễn Thị Linh,Du lịch,4,Đà Nẵng,20,2.55,6.3,2022-09-05
2200223,Nguyễn Quốc Yến,Ngôn ngữ,1,Đà Nẵng,22,2.04,9.5,2022-09-16
2200224,Nguyễn Minh Oanh,Kỹ thuật Công nghệ,2,Khánh Hòa,20,2.03,11.7,2022-09-23
2200225,Nguyễn Thanh Dũng,Kinh tế,3,TP. Hồ Chí Minh,19,2.71,9.6,2022-09-16
2200226,Phạm Thanh Thảo,Du lịch,1,Bình Dương,21,2.03,8.1,2022-09-19
2200227,Trần Hữu Mai,Kỹ thuật Công nghệ,4,Bình Dương,24,2.45,9.3,2022-09-14
2200228,Bùi Quốc Vy,Kỹ thuật Công nghệ,2,Cần Thơ,19,2.97,13.9,2022-09-05
2200229,Vũ Gia Giang,Ngôn ngữ,3,Hà Nội,16,3.38,10.1,2022-09-17
2200230,Hoàng Minh Chi,Kỹ thuật Công nghệ,1,Cần Thơ,18,2.44,13.9,2022-09-25
2200231,Vũ Hữu Hà,Kỹ thuật Công nghệ,2,TP. Hồ Chí Minh,14,1.93,9.8,2022-09-11
2200232,Hoàng Ngọc Mai,Luật,2,TP. Hồ Chí Minh,24,3.84,,2022-09-11
2200233,Nguyễn Thanh Hùng,Kinh tế,3,Đà Nẵng,19,2.41,13.3,2022-09-21
2200234,Phan Minh Vy,Kỹ thuật Công nghệ,3,Hà Nội,17,2.66,7.7,2022-09-18
2200235,Hoàng Gia Chi,Kinh tế,1,Hà Nội,19,3.21,12.1,2022-09-22
2200236,Đặng Thị Chi,Kỹ thuật Công nghệ,3,Bình Dương,18,2.79,6.1,2022-09-18
2200237,Hoàng Quốc Thảo,Ngôn ngữ,4,Lâm Đồng,22,2.1,6.9,2022-09-17
2200238,Phạm Quốc Thảo,Kỹ thuật Công nghệ,3,Hà Nội,19,1.72,10.2,2022-09-08
2200239,Lê Hữu Tuấn,Kinh tế,2,Đồng Nai,22,2.28,,2022-09-09
2200240,Phạm Văn Tuấn,Du lịch,1,TP. Hồ Chí Minh,14,,,2022-09-16
2200241,Vũ Thị Phúc,Du lịch,3,Hà Nội,14,2.92,,2022-09-08
2200242,Đặng Hữu Hà,Luật,1,Đồng Nai,19,2.97,0.0,2022-09-13
2200243,Bùi Gia Hùng,Kỹ thuật Công nghệ,4,Bình Dương,17,3.94,14.3,2022-09-14
2200244,Đặng Gia Khanh,Du lịch,1,Khánh Hòa,16,2.1,1.2,2022-09-10
2200245,Đặng Gia An,Kỹ thuật Công nghệ,2,Đồng Nai,21,3.13,8.5,2022-09-22
2200246,Bùi Văn Hà,Ngôn ngữ,1,TP. Hồ Chí Minh,19,3.2,8.6,2022-09-22
2200247,Huỳnh Ngọc Dũng,Kinh tế,2,Cần Thơ,17,3.21,12.8,2022-09-07
2200248,Nguyễn Minh Sơn,Ngôn ngữ,2,TP. Hồ Chí Minh,13,3.34,12.1,2022-09-10
2200249,Trần Văn Phúc,Luật,4,Lâm Đồng,22,2.41,2.8,2022-09-20
2200250,Bùi Gia Oanh,Ngôn ngữ,1,TP. Hồ Chí Minh,14,1.37,6.9,2022-09-07
2200251,Đặng Văn Sơn,Kỹ thuật Công nghệ,3,Cần Thơ,24,2.97,9.6,2022-09-13
2200252,Trần Minh Giang,Kỹ thuật Công nghệ,3,TP. Hồ Chí Minh,18,3.16,14.3,2022-09-06
2200253,Hoàng Thanh Sơn,Kỹ thuật Công nghệ,3,Đà Nẵng,23,2.92,9.4,2022-09-06
2200254,Bùi Ngọc Yến,Kinh tế,2,Đà Nẵng,15,2.32,4.5,2022-09-05
2200255,Lê Quốc An,Ngôn ngữ,1,Đà Nẵng,18,2.93,7.1,2022-09-07
2200256,Phạm Minh Dũng,Kỹ thuật Công nghệ,1,Đà Nẵng,20,2.76,11.2,2022-09-23
2200257,Huỳnh Thanh Mai,Kinh tế,4,TP. Hồ Chí Minh,14,3.62,15.9,2022-09-20
2200258,Nguyễn Hữu Oanh,Du lịch,1,Khánh Hòa,15,2.46,3.5,2022-09-11
2200259,Lê Thanh Khanh,Kỹ thuật Công nghệ,1,Cần Thơ,15,2.78,11.0,2022-09-11
2200260,Huỳnh Gia Khanh,Luật,2,Hà Nội,21,2.4,10.1,2022-09-06
2200261,Huỳnh Gia Vy,Kỹ thuật Công nghệ,2,Hà Nội,16,2.42,5.7,2022-09-10
2200262,Huỳnh Gia Vy,Kinh tế,3,Đồng Nai,24,2.68,,2022-09-09
2200263,Lê Hữu Giang,Kỹ thuật Công nghệ,4,Cần Thơ,23,3.02,5.9,2022-09-12
2200264,Đặng Hữu Thảo,Du lịch,3,Cần Thơ,17,3.5,14.0,2022-09-19
2200265,Phạm Văn Mai,Du lịch,1,Đà Nẵng,22,2.34,10.8,2022-09-09
2200266,Bùi Thị Dũng,Ngôn ngữ,1,Cần Thơ,20,3.34,7.1,2022-09-13
2200267,Đặng Ngọc Yến,Kỹ thuật Công nghệ,1,TP. Hồ Chí Minh,22,3.31,11.0,2022-09-11
2200268,Phạm Quốc An,Du lịch,2,TP. Hồ Chí Minh,18,2.04,3.7,2022-09-18
2200269,Hoàng Thị Hà,Ngôn ngữ,2,TP. Hồ Chí Minh,24,3.72,9.7,2022-09-17
2200270,Hoàng Hữu Khanh,Kinh tế,3,Lâm Đồng,16,3.48,9.5,2022-09-21
2200271,Vũ Thị Thảo,Ngôn ngữ,2,Khánh Hòa,21,2.1,10.4,2022-09-20
2200272,Phạm Thanh Bình,Du lịch,4,Hà Nội,23,2.76,,2022-09-17
2200273,Vũ Gia Tuấn,Ngôn ngữ,1,Đồng Nai,17,3.1,8.8,2022-09-21
2200274,Huỳnh Văn Giang,Luật,1,TP. Hồ Chí Minh,12,2.46,12.0,2022-09-18
2200275,Hoàng Hữu An,Kỹ thuật Công nghệ,1,Đà Nẵng,22,2.88,12.0,2022-09-08
2200276,Huỳnh Ngọc Hùng,Luật,2,Cần Thơ,16,2.51,5.1,2022-09-19
2200277,Phan Ngọc Mai,Kinh tế,1,TP. Hồ Chí Minh,12,3.82,15.9,2022-09-05
2200278,Nguyễn Thanh Oanh,Kinh tế,4,Cần Thơ,19,2.49,11.5,2022-09-08
2200279,Trần Quốc Tuấn,Ngôn ngữ,1,Đà Nẵng,13,2.29,13.7,2022-09-25
2200280,Nguyễn Hữu Giang,Luật,3,Đà Nẵng,17,2.56,11.2,2022-09-23
2200281,Hoàng Gia Hùng,Ngôn ngữ,2,Hà Nội,18,2.94,8.6,2022-09-11
2200282,Bùi Gia Tuấn,Kinh tế,2,TP. Hồ Chí Minh,16,2.28,7.7,2022-09-20
2200283,Bùi Thị Khanh,Du lịch,4,Hà Nội,22,3.25,12.8,2022-09-20
2200284,Huỳnh Ngọc Mai,Du lịch,1,Hà Nội,23,3.11,15.2,2022-09-23
2200285,Vũ Thị Dũng,Kỹ thuật Công nghệ,4,TP. Hồ Chí Minh,18,2.92,4.1,2022-09-17
2200286,Nguyễn Thanh Tuấn,Kỹ thuật Công nghệ,4,TP. Hồ Chí Minh,22,2.73,10.0,2022-09-12
2200287,Lê Minh Khanh,Kinh tế,2,Lâm Đồng,13,2.45,10.8,2022-09-13
2200288,Đặng Quốc Quân,Kỹ thuật Công nghệ,2,Khánh Hòa,13,2.34,7.5,2022-09-17
2200289,Nguyễn Thị Sơn,Kỹ thuật Công nghệ,2,Đồng Nai,14,2.11,7.2,2022-09-12
2200290,Huỳnh Ngọc Hùng,Kỹ thuật Công nghệ,4,Cần Thơ,15,2.96,7.3,2022-09-17
2200291,Lê Ngọc Phúc,Ngôn ngữ,4,TP. Hồ Chí Minh,23,2.73,7.9,2022-09-16
2200292,Phạm Thị Hùng,Kinh tế,3,TP. Hồ Chí Minh,13,2.69,6.5,2022-09-19
2200293,Vũ Gia Bình,Du lịch,3,TP. Hồ Chí Minh,23,2.79,6.5,2022-09-22
2200294,Trần Văn Thảo,Ngôn ngữ,1,Hà Nội,15,3.07,5.7,2022-09-15
2200295,Lê Văn Oanh,Luật,1,Đà Nẵng,13,2.8,7.6,2022-09-10
2200296,Bùi Quốc Vy,Luật,1,Bình Dương,24,3.01,,2022-09-08
2200297,Phạm Quốc Vy,Du lịch,1,Hà Nội,24,2.21,7.6,2022-09-25
2200298,Vũ Hữu Bình,Luật,4,Hà Nội,17,3.25,5.0,2022-09-14
2200299,Phạm Thanh Phúc,Du lịch,1,TP. Hồ Chí Minh,19,2.24,8.7,2022-09-08
2200300,Lê Thị Vy,Kinh tế,4,TP. Hồ Chí Minh,16,3.62,17.7,2022-09-20
2200301,Phan Thanh Oanh,Luật,1,TP. Hồ Chí Minh,12,2.23,11.3,2022-09-24
2200302,Bùi Quốc Linh,Kinh tế,1,TP. Hồ Chí Minh,24,2.11,9.8,2022-09-14
2200303,Lê Gia Chi,Ngôn ngữ,1,Cần Thơ,19,3.05,11.9,2022-09-09
2200304,Vũ Thị Vy,Kỹ thuật Công nghệ,3,Bình Dương,12,2.76,9.4,2022-09-21
2200305,Phan Thanh Nam,Du lịch,1,Khánh Hòa,24,2.86,10.9,2022-09-05
2200306,Hoàng Gia Sơn,Kỹ thuật Công nghệ,2,TP. Hồ Chí Minh,16,2.13,2.6,2022-09-16
2200307,Trần Hữu Dũng,Kinh tế,1,Đà Nẵng,21,3.32,4.4,2022-09-09
2200308,Nguyễn Thị Quân,Kinh tế,2,TP. Hồ Chí Minh,20,2.52,11.5,2022-09-08
2200309,Nguyễn Ngọc Phúc,Kinh tế,2,Hà Nội,19,3.14,5.1,2022-09-24
2200310,Bùi Gia Phúc,Luật,1,Hà Nội,24,2.86,13.0,2022-09-20
2200311,Bùi Quốc Yến,Kinh tế,2,Khánh Hòa,19,3.13,8.3,2022-09-25
2200312,Vũ Văn Nam,Kỹ thuật Công nghệ,3,Lâm Đồng,23,2.49,6.9,2022-09-17
2200313,Vũ Quốc Tuấn,Du lịch,1,Bình Dương,14,2.83,5.1,2022-09-14
2200314,Nguyễn Thanh Chi,Ngôn ngữ,2,Hà Nội,17,2.68,10.4,2022-09-11
2200315,Hoàng Gia Quân,Du lịch,4,Hà Nội,17,2.68,8.8,2022-09-05
2200316,Bùi Ngọc Hùng,Du lịch,4,Hà Nội,16,2.42,9.7,2022-09-19
2200317,Phan Ngọc Oanh,Luật,2,Hà Nội,14,2.05,1.6,2022-09-24
2200318,Hoàng Thị Quân,Kinh tế,1,TP. Hồ Chí Minh,22,2.63,6.2,2022-09-11
2200319,Phạm Ngọc Sơn,Du lịch,3,TP. Hồ Chí Minh,22,3.16,9.2,2022-09-18
2200320,Vũ Thanh Hà,Kinh tế,3,TP. Hồ Chí Minh,14,3.23,7.1,2022-09-20
2200321,Lê Gia Yến,Kinh tế,4,Đà Nẵng,23,3.07,10.7,2022-09-05
2200322,Đặng Ngọc Yến,Ngôn ngữ,3,Đà Nẵng,23,2.54,7.8,2022-09-17
2200323,Vũ Văn Khanh,Du lịch,1,Bình Dương,18,2.06,6.6,2022-09-10
2200324,Bùi Minh Oanh,Kỹ thuật Công nghệ,4,Đồng Nai,21,3.55,9.2,2022-09-16
2200325,Trần Văn Sơn,Kinh tế,4,Hà Nội,23,3.45,11.6,2022-09-11
2200326,Phan Gia Hùng,Kỹ thuật Công nghệ,1,Đà Nẵng,24,2.61,,2022-09-07
2200327,Trần Hữu An,Ngôn ngữ,4,Đà Nẵng,20,3.01,5.5,2022-09-07
2200328,Nguyễn Thị Linh,Kỹ thuật Công nghệ,3,Lâm Đồng,13,2.48,6.3,2022-09-11
2200329,Lê Ngọc Oanh,Ngôn ngữ,1,Bình Dương,22,3.13,2.8,2022-09-10
2200330,Lê Ngọc Tuấn,Du lịch,2,Bình Dương,24,3.18,5.3,2022-09-22
2200331,Huỳnh Minh An,Du lịch,4,Hà Nội,19,2.03,6.4,2022-09-21
2200332,Phạm Văn Mai,Kinh tế,2,Cần Thơ,14,2.6,7.4,2022-09-05
2200333,Phan Thị Mai,Du lịch,2,TP. Hồ Chí Minh,14,2.9,8.5,2022-09-22
2200334,Trần Quốc Linh,Ngôn ngữ,2,Bình Dương,24,2.14,9.2,2022-09-06
2200335,Lê Hữu Phúc,Du lịch,3,TP. Hồ Chí Minh,24,2.61,5.8,2022-09-25
2200336,Nguyễn Thị Hà,Ngôn ngữ,2,Đà Nẵng,15,2.13,4.5,2022-09-16
2200337,Trần Ngọc Hà,Ngôn ngữ,4,Đà Nẵng,19,2.99,13.0,2022-09-10
2200338,Lê Minh Tuấn,Kỹ thuật Công nghệ,3,TP. Hồ Chí Minh,16,2.91,4.1,2022-09-10
2200339,Lê Quốc Tuấn,Kinh tế,1,TP. Hồ Chí Minh,18,2.28,11.5,2022-09-13
2200340,Vũ Văn Dũng,Kinh tế,1,TP. Hồ Chí Minh,17,2.25,7.6,2022-09-22
2200341,Đặng Thị Thảo,Kỹ thuật Công nghệ,1,Đà Nẵng,18,3.39,1.9,2022-09-18
2200342,Hoàng Văn Chi,Kỹ thuật Công nghệ,3,Hà Nội,18,2.52,7.4,2022-09-12
2200343,Đặng Văn Phúc,Kỹ thuật Công nghệ,1,Đồng Nai,12,2.06,3.4,2022-09-21
2200344,Nguyễn Thị Bình,Du lịch,4,Đà Nẵng,16,2.77,11.8,2022-09-18
2200345,Nguyễn Gia Quân,Kinh tế,3,Đà Nẵng,23,2.13,14.1,2022-09-13
2200346,Trần Minh Yến,Kỹ thuật Công nghệ,4,Đồng Nai,12,3.41,7.5,2022-09-05
2200347,Nguyễn Văn Yến,Ngôn ngữ,2,Lâm Đồng,18,2.84,10.1,2022-09-11
2200348,Trần Ngọc Thảo,Ngôn ngữ,2,TP. Hồ Chí Minh,13,3.1,12.5,2022-09-16
2200349,Phan Ngọc Chi,Luật,1,,17,2.5,10.5,2022-09-16
2200350,Vũ Thị Mai,Kinh tế,4,Hà Nội,14,2.75,10.2,2022-09-13
2200351,Phan Thanh Sơn,Ngôn ngữ,2,TP. Hồ Chí Minh,12,2.47,5.8,2022-09-21
2200352,Huỳnh Văn An,Kinh tế,2,Lâm Đồng,14,1.8,8.9,2022-09-14
2200353,Bùi Minh Hùng,Ngôn ngữ,2,TP. Hồ Chí Minh,20,2.87,6.5,2022-09-08
2200354,Phạm Văn Trang,Kinh tế,1,Hà Nội,13,1.63,4.0,2022-09-13
2200355,Phạm Quốc Oanh,Kinh tế,1,Cần Thơ,18,2.86,2.3,2022-09-18
2200356,Huỳnh Thị Quân,Ngôn ngữ,1,TP. Hồ Chí Minh,21,2.13,7.9,2022-09-17
2200357,Lê Thị Giang,Kỹ thuật Công nghệ,2,TP. Hồ Chí Minh,20,2.35,9.5,2022-09-24
2200358,Đặng Gia Khanh,Kinh tế,2,TP. Hồ Chí Minh,21,1.77,10.7,2022-09-13
2200359,Hoàng Hữu An,Kinh tế,2,Hà Nội,18,2.25,9.7,2022-09-09
2200360,Phan Minh Phúc,Kỹ thuật Công nghệ,3,TP. Hồ Chí Minh,24,2.77,8.5,2022-09-14
2200361,Đặng Gia Vy,Kỹ thuật Công nghệ,3,TP. Hồ Chí Minh,13,3.22,,2022-09-06
2200362,Phạm Ngọc Nam,Kinh tế,2,Đồng Nai,21,2.55,2.7,2022-09-08
2200363,Đặng Minh Quân,Du lịch,3,Đà Nẵng,23,3.13,11.9,2022-09-14
2200364,Bùi Hữu Oanh,Luật,3,Hà Nội,22,1.93,7.3,2022-09-14
2200365,Bùi Hữu Linh,Du lịch,2,Đồng Nai,22,2.74,9.1,2022-09-12
2200366,Phạm Thanh Trang,Kinh tế,2,TP. Hồ Chí Minh,19,2.84,13.3,2022-09-19
2200367,Hoàng Minh Hà,Kỹ thuật Công nghệ,4,Khánh Hòa,14,2.95,11.4,2022-09-05
2200368,Huỳnh Văn Trang,Luật,4,Bình Dương,14,2.81,10.0,2022-09-09
2200369,Phạm Quốc Chi,Kinh tế,3,Đồng Nai,22,2.47,9.4,2022-09-08
2200370,Phan Thanh Tuấn,Kỹ thuật Công nghệ,1,Khánh Hòa,20,,8.7,2022-09-21
2200371,Huỳnh Văn Yến,Ngôn ngữ,1,Đà Nẵng,15,,8.1,2022-09-25
2200372,Trần Minh Nam,Kỹ thuật Công nghệ,1,Bình Dương,18,3.05,8.1,2022-09-12
2200373,Hoàng Ngọc Sơn,Du lịch,1,TP. Hồ Chí Minh,13,3.01,6.9,2022-09-06
2200374,Đặng Minh Bình,Du lịch,1,TP. Hồ Chí Minh,21,2.35,12.3,2022-09-23
2200375,Bùi Hữu Chi,Ngôn ngữ,1,,18,1.96,13.0,2022-09-11
2200376,Vũ Thị Giang,Ngôn ngữ,1,TP. Hồ Chí Minh,12,2.53,4.1,2022-09-09
2200377,Lê Thanh Phúc,Kinh tế,1,TP. Hồ Chí Minh,16,1.86,9.4,2022-09-14
2200378,Phan Văn Trang,Ngôn ngữ,3,Đà Nẵng,17,2.61,9.5,2022-09-16
2200379,Đặng Gia Nam,Kỹ thuật Công nghệ,2,Cần Thơ,14,2.55,10.6,2022-09-09
2200380,Vũ Gia Bình,Kinh tế,3,Cần Thơ,15,2.95,6.1,2022-09-10
2200381,Trần Văn Mai,Ngôn ngữ,2,TP. Hồ Chí Minh,24,2.13,8.0,2022-09-10
2200382,Trần Thanh Trang,Kinh tế,4,Đồng Nai,21,3.3,8.8,2022-09-21
2200383,Trần Hữu Khanh,Kỹ thuật Công nghệ,3,Đà Nẵng,19,2.37,8.6,2022-09-19
2200384,Nguyễn Minh Giang,Kỹ thuật Công nghệ,1,Đồng Nai,12,2.5,8.5,2022-09-11
2200385,Phạm Gia Khanh,Luật,2,Đồng Nai,21,2.41,11.5,2022-09-07
2200386,Lê Thị Quân,Kinh tế,1,Cần Thơ,12,2.5,,2022-09-15
2200387,Bùi Gia Yến,Luật,3,Đà Nẵng,24,2.94,7.6,2022-09-05
2200388,Nguyễn Thanh Trang,Luật,3,Hà Nội,20,3.26,,2022-09-25
2200389,Bùi Thanh Khanh,Du lịch,2,Đà Nẵng,20,,8.3,2022-09-24
2200390,Phạm Gia An,Du lịch,2,TP. Hồ Chí Minh,15,2.3,7.5,2022-09-06
2200391,Hoàng Quốc Chi,Kinh tế,1,TP. Hồ Chí Minh,12,2.66,6.5,2022-09-21
2200392,Phan Quốc Linh,Kinh tế,2,Bình Dương,12,2.99,5.1,2022-09-25
2200393,Lê Gia Hùng,Kinh tế,3,Hà Nội,21,2.52,11.6,2022-09-08
2200394,Hoàng Ngọc An,Kỹ thuật Công nghệ,1,TP. Hồ Chí Minh,22,,0.5,2022-09-19
2200395,Trần Thị Dũng,Kỹ thuật Công nghệ,1,Bình Dương,12,2.83,10.4,2022-09-08
2200396,Vũ Minh Bình,Du lịch,4,Hà Nội,18,1.58,2.5,2022-09-17
2200397,Nguyễn Hữu Linh,Kinh tế,2,TP. Hồ Chí Minh,23,2.58,6.5,2022-09-06
2200398,Lê Ngọc Quân,Du lịch,3,TP. Hồ Chí Minh,21,3.11,11.4,2022-09-12
2200399,Hoàng Thị Trang,Kỹ thuật Công nghệ,1,Cần Thơ,12,2.21,8.4,2022-09-05
2200400,Hoàng Quốc Hùng,Kinh tế,1,TP. Hồ Chí Minh,12,,12.3,2022-09-18
2200401,Trần Thanh Dũng,Du lịch,1,Khánh Hòa,19,2.06,8.4,2022-09-09
2200402,Nguyễn Ngọc Tuấn,Du lịch,4,TP. Hồ Chí Minh,22,2.79,7.5,2022-09-19
2200403,Trần Thanh Hà,Kỹ thuật Công nghệ,1,Đồng Nai,13,1.93,12.8,2022-09-18
2200404,Đặng Ngọc Trang,Ngôn ngữ,3,Hà Nội,22,2.1,14.2,2022-09-05
2200405,Đặng Thanh Hà,Kỹ thuật Công nghệ,2,Bình Dương,22,,,2022-09-20
2200406,Hoàng Gia Thảo,Ngôn ngữ,2,TP. Hồ Chí Minh,12,2.18,11.4,2022-09-24
2200407,Trần Gia Giang,Kỹ thuật Công nghệ,1,Lâm Đồng,15,2.29,5.6,2022-09-15
2200408,Huỳnh Minh Dũng,Ngôn ngữ,2,TP. Hồ Chí Minh,15,2.36,,2022-09-09
2200409,Nguyễn Hữu Sơn,Luật,4,Khánh Hòa,20,1.66,8.1,2022-09-08
2200410,Đặng Minh Oanh,Kinh tế,1,Cần Thơ,12,,18.3,2022-09-13
2200411,Trần Gia Yến,Ngôn ngữ,2,Hà Nội,12,2.58,9.1,2022-09-07
2200412,Bùi Quốc Khanh,Kỹ thuật Công nghệ,1,TP. Hồ Chí Minh,24,2.66,11.2,2022-09-20
2200413,Đặng Minh Thảo,Kinh tế,1,Hà Nội,18,3.05,12.0,2022-09-19
2200414,Vũ Ngọc An,Kinh tế,1,TP. Hồ Chí Minh,24,2.23,10.2,2022-09-14
2200415,Lê Hữu Giang,Du lịch,2,Bình Dương,17,2.72,6.4,2022-09-25
2200416,Phan Minh Vy,Kinh tế,1,TP. Hồ Chí Minh,19,2.16,4.2,2022-09-10
2200417,Đặng Thanh Hà,Du lịch,2,Cần Thơ,22,,14.3,2022-09-12
2200418,Hoàng Minh Hà,Ngôn ngữ,2,Đà Nẵng,24,2.97,8.1,2022-09-09
2200419,Bùi Quốc Linh,Kỹ thuật Công nghệ,4,Đồng Nai,17,2.21,11.9,2022-09-18
2200420,Trần Gia Quân,Kinh tế,1,Khánh Hòa,20,2.19,8.8,2022-09-14
2200421,Đặng Gia Giang,Kinh tế,2,TP. Hồ Chí Minh,18,2.23,4.9,2022-09-13
2200422,Lê Quốc Chi,Luật,1,TP. Hồ Chí Minh,17,2.54,10.5,2022-09-20
2200423,Phạm Văn Quân,Luật,2,Đồng Nai,23,2.3,19.4,2022-09-11
2200424,Vũ Thị Tuấn,Kỹ thuật Công nghệ,2,TP. Hồ Chí Minh,20,2.54,14.3,2022-09-18
2200425,Lê Thanh Tuấn,Ngôn ngữ,3,TP. Hồ Chí Minh,13,2.75,11.4,2022-09-20
2200426,Phạm Gia Quân,Kỹ thuật Công nghệ,2,Hà Nội,15,2.93,12.8,2022-09-22
2200427,Phan Thị Vy,Kinh tế,1,TP. Hồ Chí Minh,15,2.91,9.4,2022-09-14
2200428,Trần Ngọc Thảo,Kỹ thuật Công nghệ,3,Hà Nội,16,2.76,6.2,2022-09-21
2200429,Phạm Thanh An,Kỹ thuật Công nghệ,4,Đà Nẵng,19,3.27,11.8,2022-09-25
2200430,Phan Văn Nam,Kỹ thuật Công nghệ,3,Đồng Nai,24,2.15,6.0,2022-09-24
2200431,Vũ Quốc Linh,Ngôn ngữ,4,TP. Hồ Chí Minh,23,2.86,10.6,2022-09-15
2200432,Huỳnh Gia Oanh,Kỹ thuật Công nghệ,2,Hà Nội,24,1.29,7.5,2022-09-20
2200433,Bùi Thanh Thảo,Ngôn ngữ,3,TP. Hồ Chí Minh,18,2.35,11.2,2022-09-07
2200434,Huỳnh Hữu Mai,Du lịch,4,Hà Nội,23,3.26,15.0,2022-09-25
2200435,Vũ Gia Yến,Kỹ thuật Công nghệ,3,Đà Nẵng,20,2.93,9.5,2022-09-17
2200436,Huỳnh Gia Bình,Kinh tế,4,Đà Nẵng,21,3.47,7.7,2022-09-15
2200437,Đặng Thị Tuấn,Kỹ thuật Công nghệ,1,Cần Thơ,23,2.46,7.3,2022-09-25
2200438,Trần Ngọc Quân,Luật,2,Bình Dương,17,2.24,6.6,2022-09-20
2200439,Nguyễn Thị Trang,Du lịch,1,TP. Hồ Chí Minh,12,2.28,7.6,2022-09-23
2200440,Hoàng Hữu Hùng,Kỹ thuật Công nghệ,4,Đà Nẵng,24,2.67,9.4,2022-09-06
2200441,Lê Gia Tuấn,Luật,3,TP. Hồ Chí Minh,23,2.6,8.6,2022-09-07
2200442,Vũ Văn Oanh,Luật,3,Cần Thơ,16,2.92,10.3,2022-09-06
2200443,Lê Minh Linh,Kỹ thuật Công nghệ,3,TP. Hồ Chí Minh,16,3.12,3.7,2022-09-17
2200444,Đặng Văn Nam,Luật,3,Đồng Nai,24,2.1,8.7,2022-09-16
2200445,Nguyễn Quốc Giang,Luật,4,Hà Nội,24,2.15,3.9,2022-09-14
2200446,Đặng Thị Giang,Ngôn ngữ,1,Bình Dương,22,2.76,8.3,2022-09-05
2200447,Phan Ngọc Oanh,Kỹ thuật Công nghệ,3,Cần Thơ,24,2.71,5.9,2022-09-10
2200448,Phan Thị Quân,Ngôn ngữ,1,Bình Dương,23,2.1,11.2,2022-09-10
2200449,Bùi Minh Sơn,Ngôn ngữ,2,Đồng Nai,16,2.7,7.6,2022-09-17
2200450,Bùi Thanh Thảo,Kỹ thuật Công nghệ,4,Đà Nẵng,18,2.53,2.1,2022-09-09
2200451,Phan Ngọc Hùng,Kỹ thuật Công nghệ,1,,22,2.06,12.6,2022-09-18
2200452,Trần Hữu Quân,Ngôn ngữ,1,Đà Nẵng,21,1.83,5.0,2022-09-14
2200453,Huỳnh Quốc Trang,Kỹ thuật Công nghệ,3,Đà Nẵng,18,2.92,10.8,2022-09-17
2200454,Bùi Thanh Phúc,Ngôn ngữ,1,Đồng Nai,19,2.35,6.4,2022-09-21
2200455,Hoàng Văn Bình,Kỹ thuật Công nghệ,2,Đà Nẵng,13,2.47,11.3,2022-09-19
2200456,Hoàng Ngọc An,Du lịch,1,TP. Hồ Chí Minh,24,2.13,7.9,2022-09-19
2200457,Phan Văn Quân,Kinh tế,1,Hà Nội,22,2.61,9.5,2022-09-19
2200458,Phạm Gia Thảo,Kinh tế,4,TP. Hồ Chí Minh,18,2.16,6.2,2022-09-23
2200459,Phan Thị Trang,Ngôn ngữ,1,Hà Nội,24,1.59,3.1,2022-09-23
2200460,Hoàng Thị Khanh,Kỹ thuật Công nghệ,4,Đà Nẵng,15,2.82,10.4,2022-09-23
2200461,Hoàng Thanh Trang,Kinh tế,3,Lâm Đồng,17,2.18,9.0,2022-09-18
2200462,Phan Ngọc Quân,Ngôn ngữ,1,Khánh Hòa,18,2.41,11.1,2022-09-08
2200463,Trần Hữu Bình,Luật,1,TP. Hồ Chí Minh,18,3.14,12.1,2022-09-25
2200464,Huỳnh Quốc Mai,Ngôn ngữ,3,Đồng Nai,24,2.57,11.8,2022-09-15
2200465,Lê Thị Hùng,Kỹ thuật Công nghệ,4,TP. Hồ Chí Minh,17,3.17,6.2,2022-09-16
2200466,Đặng Hữu Khanh,Luật,4,TP. Hồ Chí Minh,22,2.73,7.2,2022-09-18
2200467,Vũ Văn Quân,Kỹ thuật Công nghệ,3,Đà Nẵng,22,2.35,15.6,2022-09-08
2200468,Nguyễn Minh Linh,Ngôn ngữ,1,Hà Nội,16,1.88,6.7,2022-09-18
2200469,Hoàng Gia Quân,Luật,3,Hà Nội,23,1.45,4.1,2022-09-23
2200470,Phạm Hữu Thảo,Kỹ thuật Công nghệ,2,Bình Dương,19,3.36,2.7,2022-09-09
2200471,Đặng Minh Bình,Kinh tế,4,TP. Hồ Chí Minh,23,2.42,3.7,2022-09-14
2200472,Hoàng Hữu Oanh,Luật,1,Bình Dương,18,,9.6,2022-09-16
2200473,Trần Ngọc Tuấn,Kinh tế,2,TP. Hồ Chí Minh,19,3.08,7.6,2022-09-08
2200474,Trần Ngọc Oanh,Luật,4,Hà Nội,20,2.65,12.3,2022-09-22
2200475,Vũ Quốc Giang,Du lịch,3,TP. Hồ Chí Minh,19,2.88,3.1,2022-09-15
2200476,Trần Hữu Oanh,Kỹ thuật Công nghệ,3,TP. Hồ Chí Minh,22,2.96,10.7,2022-09-18
2200477,Trần Thanh Chi,Kỹ thuật Công nghệ,1,Bình Dương,12,,15.7,2022-09-15
2200478,Lê Hữu Oanh,Kỹ thuật Công nghệ,2,Hà Nội,13,2.85,9.2,2022-09-05
2200479,Phan Quốc Dũng,Ngôn ngữ,4,TP. Hồ Chí Minh,18,2.66,10.7,2022-09-22
2200480,Lê Hữu Sơn,Kinh tế,2,Đà Nẵng,12,3.08,11.3,2022-09-11
2200481,Vũ Ngọc Hà,Du lịch,1,TP. Hồ Chí Minh,15,2.64,8.1,2022-09-18
2200482,Hoàng Quốc Nam,Luật,3,Lâm Đồng,19,2.38,3.2,2022-09-15
2200483,Phan Ngọc Quân,Kỹ thuật Công nghệ,3,TP. Hồ Chí Minh,12,2.99,6.1,2022-09-06
2200484,Lê Minh Phúc,Kỹ thuật Công nghệ,1,TP. Hồ Chí Minh,22,2.8,9.5,2022-09-22
2200485,Hoàng Thị Hà,Kỹ thuật Công nghệ,3,TP. Hồ Chí Minh,15,2.27,8.1,2022-09-22
2200486,Phạm Quốc Linh,Du lịch,2,Cần Thơ,17,2.49,6.4,2022-09-12
2200487,Lê Thanh Bình,Kỹ thuật Công nghệ,3,TP. Hồ Chí Minh,15,2.64,7.6,2022-09-09
2200488,Trần Hữu Linh,Kinh tế,2,TP. Hồ Chí Minh,23,2.32,15.9,2022-09-09
2200489,Phan Ngọc Hùng,Kinh tế,2,Cần Thơ,20,2.65,10.5,2022-09-14
2200490,Hoàng Hữu Hà,Kỹ thuật Công nghệ,1,TP. Hồ Chí Minh,16,1.5,2.5,2022-09-24
2200491,Đặng Thị Chi,Kỹ thuật Công nghệ,4,TP. Hồ Chí Minh,14,2.96,8.1,2022-09-09
2200492,Đặng Thị Tuấn,Kỹ thuật Công nghệ,1,Hà Nội,16,1.43,3.2,2022-09-12
2200493,Trần Gia Bình,Kỹ thuật Công nghệ,4,Khánh Hòa,20,3.26,13.3,2022-09-05
2200494,Lê Thanh Quân,Kinh tế,1,Đồng Nai,24,,7.9,2022-09-13
2200495,Hoàng Hữu Vy,Kinh tế,1,TP. Hồ Chí Minh,14,2.84,5.0,2022-09-11
2200496,Vũ Thanh Mai,Kỹ thuật Công nghệ,2,,21,2.44,7.6,2022-09-20
2200497,Nguyễn Ngọc Quân,Kinh tế,2,Cần Thơ,17,1.46,7.6,2022-09-25
2200498,Hoàng Văn Trang,Luật,2,Lâm Đồng,23,2.72,11.9,2022-09-09
2200499,Đặng Văn Mai,Du lịch,2,TP. Hồ Chí Minh,24,2.77,15.1,2022-09-09
2200500,Bùi Văn Oanh,Du lịch,4,TP. Hồ Chí Minh,15,3.23,13.1,2022-09-19
2200501,Đặng Gia Linh,Luật,1,TP. Hồ Chí Minh,19,2.43,13.3,2022-09-24
2200502,Huỳnh Hữu Bình,Kỹ thuật Công nghệ,1,Bình Dương,16,2.34,11.3,2022-09-20
2200503,Phan Hữu Oanh,Kỹ thuật Công nghệ,3,Khánh Hòa,12,2.9,10.2,2022-09-08
2200504,Hoàng Ngọc Tuấn,Kỹ thuật Công nghệ,2,TP. Hồ Chí Minh,16,2.62,0.7,2022-09-20
2200505,Phạm Quốc Vy,Kỹ thuật Công nghệ,4,Hà Nội,24,3.3,11.1,2022-09-07
2200506,Phan Văn Phúc,Du lịch,3,TP. Hồ Chí Minh,17,2.34,10.4,2022-09-18
2200507,Đặng Ngọc Linh,Kinh tế,3,TP. Hồ Chí Minh,20,3.32,8.8,2022-09-23
2200508,Trần Thanh Bình,Kỹ thuật Công nghệ,3,Lâm Đồng,12,2.68,9.4,2022-09-19
2200509,Huỳnh Minh Hà,Ngôn ngữ,4,Lâm Đồng,20,3.35,11.3,2022-09-12
2200510,Nguyễn Gia Yến,Kỹ thuật Công nghệ,3,Hà Nội,22,2.61,,2022-09-18
2200511,Trần Quốc Khanh,Kỹ thuật Công nghệ,2,TP. Hồ Chí Minh,22,3.34,6.6,2022-09-20
2200512,Huỳnh Quốc Tuấn,Kinh tế,1,Cần Thơ,16,2.38,8.9,2022-09-22
2200513,Phạm Ngọc Trang,Ngôn ngữ,3,Lâm Đồng,24,2.39,12.6,2022-09-19
2200514,Phan Hữu Yến,Du lịch,3,Hà Nội,20,2.72,8.4,2022-09-21
2200515,Trần Thị Thảo,Kinh tế,1,TP. Hồ Chí Minh,21,2.28,6.1,2022-09-19
2200516,Lê Thị Sơn,Ngôn ngữ,3,TP. Hồ Chí Minh,17,2.22,5.5,2022-09-06
2200517,Vũ Thanh Yến,Kinh tế,1,Đồng Nai,16,,12.3,2022-09-16
2200518,Đặng Văn Hà,Kỹ thuật Công nghệ,4,Đồng Nai,12,2.65,3.6,2022-09-23
2200519,Bùi Quốc An,Kinh tế,1,Hà Nội,24,2.54,7.3,2022-09-24
2200520,Phan Ngọc Giang,Kinh tế,4,Khánh Hòa,24,2.06,7.8,2022-09-20
2200521,Huỳnh Thị Dũng,Kỹ thuật Công nghệ,3,TP. Hồ Chí Minh,24,3.41,7.5,2022-09-13
2200522,Bùi Ngọc Chi,Kỹ thuật Công nghệ,3,Đà Nẵng,20,2.27,14.7,2022-09-09
2200523,Lê Thanh Chi,Kinh tế,1,TP. Hồ Chí Minh,14,,6.8,2022-09-07
2200524,Vũ Gia Quân,Kinh tế,2,Hà Nội,17,2.77,8.6,2022-09-11
2200525,Trần Minh Linh,Luật,2,Lâm Đồng,22,2.22,5.3,2022-09-16
2200526,Nguyễn Gia Vy,Kinh tế,2,TP. Hồ Chí Minh,23,2.61,10.9,2022-09-05
2200527,Vũ Thị Linh,Ngôn ngữ,4,TP. Hồ Chí Minh,15,2.29,12.2,2022-09-19
2200528,Vũ Ngọc Khanh,Kinh tế,3,TP. Hồ Chí Minh,18,3.35,6.6,2022-09-25
2200529,Vũ Quốc An,Kỹ thuật Công nghệ,2,Cần Thơ,16,2.64,9.2,2022-09-25
2200530,Hoàng Thanh Nam,Kinh tế,4,TP. Hồ Chí Minh,12,2.51,5.1,2022-09-25
2200531,Nguyễn Minh Linh,Ngôn ngữ,3,Lâm Đồng,23,3.15,6.7,2022-09-16
2200532,Vũ Quốc Oanh,Luật,3,Cần Thơ,22,1.91,14.7,2022-09-21
2200533,Nguyễn Quốc Vy,Kinh tế,3,TP. Hồ Chí Minh,23,2.3,,2022-09-17
2200534,Đặng Thanh Hùng,Luật,1,TP. Hồ Chí Minh,18,2.31,16.3,2022-09-19
2200535,Hoàng Quốc An,Luật,3,TP. Hồ Chí Minh,19,3.17,,2022-09-11
2200536,Nguyễn Hữu Linh,Ngôn ngữ,1,Đà Nẵng,19,2.64,2.9,2022-09-25
2200537,Vũ Hữu Trang,Kinh tế,1,Hà Nội,23,2.69,6.5,2022-09-09
2200538,Phạm Văn Yến,Kinh tế,3,TP. Hồ Chí Minh,22,2.43,4.5,2022-09-15
2200539,Vũ Thị Nam,Ngôn ngữ,2,Khánh Hòa,13,2.6,15.3,2022-09-15
2200540,Nguyễn Gia Vy,Kỹ thuật Công nghệ,3,TP. Hồ Chí Minh,23,1.77,7.5,2022-09-19
2200541,Bùi Thanh Oanh,Ngôn ngữ,4,Khánh Hòa,21,2.35,8.8,2022-09-25
2200542,Phạm Văn Vy,Kỹ thuật Công nghệ,3,Cần Thơ,15,2.84,13.0,2022-09-11
2200543,Vũ Thị Mai,Kỹ thuật Công nghệ,3,Khánh Hòa,21,2.7,7.0,2022-09-24
2200544,Bùi Minh Tuấn,Kỹ thuật Công nghệ,4,TP. Hồ Chí Minh,18,2.18,4.3,2022-09-21
2200545,Bùi Gia Quân,Kinh tế,1,TP. Hồ Chí Minh,14,2.13,6.7,2022-09-16
2200546,Lê Thị Sơn,Ngôn ngữ,1,Bình Dương,15,,6.0,2022-09-15
2200547,Nguyễn Quốc Mai,Luật,2,Đà Nẵng,23,3.2,11.7,2022-09-20
2200548,Hoàng Quốc Trang,Kỹ thuật Công nghệ,1,Bình Dương,22,2.09,10.2,2022-09-10
2200549,Vũ Thị Linh,Du lịch,2,TP. Hồ Chí Minh,19,2.82,8.3,2022-09-25
2200550,Vũ Thị Vy,Kỹ thuật Công nghệ,1,TP. Hồ Chí Minh,22,2.71,12.7,2022-09-13
2200551,Vũ Thanh An,Luật,2,Bình Dương,14,2.57,2.8,2022-09-07
2200552,Vũ Thị Nam,Kỹ thuật Công nghệ,4,Đà Nẵng,13,,7.9,2022-09-08
2200553,Vũ Thị Thảo,Kinh tế,4,TP. Hồ Chí Minh,19,2.8,13.0,2022-09-09
2200554,Trần Quốc Thảo,Du lịch,3,Đà Nẵng,23,3.46,7.1,2022-09-13
2200555,Nguyễn Ngọc Tuấn,Kỹ thuật Công nghệ,1,TP. Hồ Chí Minh,18,2.0,6.1,2022-09-14
2200556,Trần Văn Dũng,Kỹ thuật Công nghệ,1,Cần Thơ,14,3.13,4.3,2022-09-05
2200557,Hoàng Thanh Mai,Kinh tế,2,TP. Hồ Chí Minh,24,2.5,,2022-09-23
2200558,Nguyễn Hữu Chi,Kỹ thuật Công nghệ,1,Đà Nẵng,21,2.2,,2022-09-20
2200559,Trần Minh An,Ngôn ngữ,1,TP. Hồ Chí Minh,23,3.35,0.0,2022-09-06
2200560,Nguyễn Quốc Dũng,Kinh tế,2,TP. Hồ Chí Minh,20,,15.0,2022-09-24
2200561,Bùi Thanh Mai,Kỹ thuật Công nghệ,1,Khánh Hòa,19,2.16,3.7,2022-09-22
2200562,Phan Hữu Quân,Luật,1,Khánh Hòa,23,,7.9,2022-09-12
2200563,Đặng Minh Sơn,Luật,4,Đà Nẵng,15,1.87,6.4,2022-09-11
2200564,Bùi Gia Trang,Luật,1,Bình Dương,20,1.56,,2022-09-11
2200565,Phan Minh Bình,Kinh tế,4,Hà Nội,19,3.14,3.4,2022-09-17
2200566,Phạm Thị Yến,Luật,4,TP. Hồ Chí Minh,22,2.99,8.5,2022-09-10
2200567,Huỳnh Thị Hùng,Du lịch,1,Bình Dương,24,1.92,8.0,2022-09-17
2200568,Nguyễn Văn Mai,Kinh tế,3,Hà Nội,14,2.13,8.3,2022-09-14
2200569,Bùi Minh Trang,Kinh tế,2,Cần Thơ,21,2.34,9.9,2022-09-14
2200570,Nguyễn Thị Thảo,Kinh tế,1,Đồng Nai,18,3.04,7.2,2022-09-05
2200571,Vũ Ngọc Nam,Luật,4,TP. Hồ Chí Minh,14,2.45,15.2,2022-09-14
2200572,Lê Hữu Quân,Kinh tế,2,TP. Hồ Chí Minh,14,2.44,11.5,2022-09-12
2200573,Vũ Thanh Oanh,Du lịch,3,Đồng Nai,21,2.86,12.1,2022-09-09
2200574,Phạm Gia Nam,Du lịch,1,Cần Thơ,24,1.89,9.4,2022-09-23
2200575,Lê Quốc Dũng,Ngôn ngữ,1,TP. Hồ Chí Minh,16,2.07,5.4,2022-09-21
2200576,Huỳnh Hữu Yến,Kỹ thuật Công nghệ,3,TP. Hồ Chí Minh,23,2.03,3.5,2022-09-25
2200577,Trần Quốc Vy,Kỹ thuật Công nghệ,3,TP. Hồ Chí Minh,13,2.09,8.7,2022-09-05
2200578,Vũ Quốc Nam,Luật,3,Đà Nẵng,12,2.27,8.6,2022-09-09
2200579,Lê Thị Vy,Kỹ thuật Công nghệ,2,TP. Hồ Chí Minh,21,1.73,6.9,2022-09-12
2200580,Nguyễn Minh Dũng,Kinh tế,4,TP. Hồ Chí Minh,17,2.35,2.9,2022-09-14
2200581,Vũ Thị Dũng,Kỹ thuật Công nghệ,2,TP. Hồ Chí Minh,15,2.64,5.0,2022-09-23
2200582,Lê Gia Mai,Kinh tế,4,Khánh Hòa,13,3.14,4.9,2022-09-09
2200583,Hoàng Minh Trang,Kỹ thuật Công nghệ,4,TP. Hồ Chí Minh,18,2.67,9.0,2022-09-21
2200584,Vũ Thanh Phúc,Ngôn ngữ,4,TP. Hồ Chí Minh,14,2.84,15.7,2022-09-20
2200585,Lê Gia An,Kỹ thuật Công nghệ,3,Hà Nội,19,2.36,0.0,2022-09-14
2200586,Lê Quốc Phúc,Kỹ thuật Công nghệ,3,Hà Nội,19,2.21,,2022-09-22
2200587,Trần Văn Sơn,Ngôn ngữ,1,Khánh Hòa,15,1.77,6.3,2022-09-08
2200588,Phạm Minh Yến,Kinh tế,1,Hà Nội,20,1.14,5.2,2022-09-11
2200589,Hoàng Văn Yến,Du lịch,1,Lâm Đồng,13,3.1,10.7,2022-09-12
2200590,Đặng Thị Phúc,Ngôn ngữ,3,TP. Hồ Chí Minh,13,3.39,11.9,2022-09-12
2200591,Phạm Quốc Mai,Ngôn ngữ,3,TP. Hồ Chí Minh,13,2.51,11.7,2022-09-19
2200592,Bùi Hữu Hà,Kỹ thuật Công nghệ,1,TP. Hồ Chí Minh,19,3.44,9.7,2022-09-14
2200593,Trần Ngọc Dũng,Du lịch,2,Đồng Nai,16,1.44,4.7,2022-09-07
2200594,Huỳnh Gia Hà,Ngôn ngữ,1,Khánh Hòa,19,2.27,2.5,2022-09-19
2200595,Phan Gia Hùng,Kinh tế,1,Hà Nội,19,2.45,13.0,2022-09-24
2200596,Trần Minh Quân,Luật,3,TP. Hồ Chí Minh,21,2.66,11.0,2022-09-10
2200597,Phan Gia Khanh,Kỹ thuật Công nghệ,4,Hà Nội,15,2.39,6.6,2022-09-10
2200598,Hoàng Hữu Sơn,Kinh tế,1,TP. Hồ Chí Minh,19,1.71,18.3,2022-09-24
2200599,Huỳnh Văn Thảo,Kinh tế,2,TP. Hồ Chí Minh,13,2.27,2.6,2022-09-25
2200600,Lê Quốc Khanh,Du lịch,3,TP. Hồ Chí Minh,23,3.23,8.3,2022-09-23
2200601,Đặng Hữu Linh,Kỹ thuật Công nghệ,1,Hà Nội,14,3.27,12.9,2022-09-13
2200602,Phan Thanh Mai,Kinh tế,1,Lâm Đồng,21,2.54,16.5,2022-09-16
2200603,Huỳnh Quốc Nam,Ngôn ngữ,4,Đà Nẵng,18,3.23,17.5,2022-09-21
2200604,Đặng Văn Giang,Kinh tế,1,Hà Nội,18,2.25,8.9,2022-09-12
2200605,Đặng Quốc Phúc,Kỹ thuật Công nghệ,2,Lâm Đồng,17,1.98,11.3,2022-09-15
2200606,Phan Hữu Quân,Kỹ thuật Công nghệ,3,Đồng Nai,19,2.04,1.6,2022-09-14
2200607,Phan Minh Yến,Kỹ thuật Công nghệ,1,TP. Hồ Chí Minh,23,2.38,10.1,2022-09-13
2200608,Vũ Minh Hùng,Du lịch,3,Hà Nội,22,2.75,10.5,2022-09-21
2200609,Phạm Minh Mai,Kỹ thuật Công nghệ,2,Bình Dương,21,2.24,7.2,2022-09-24
2200610,Nguyễn Minh Yến,Du lịch,1,Bình Dương,20,2.95,8.3,2022-09-05
2200611,Huỳnh Minh Khanh,Kỹ thuật Công nghệ,1,Đồng Nai,12,,4.8,2022-09-14
2200612,Hoàng Quốc Bình,Kinh tế,2,TP. Hồ Chí Minh,12,2.51,11.1,2022-09-08
2200613,Bùi Ngọc Vy,Kỹ thuật Công nghệ,1,TP. Hồ Chí Minh,14,3.54,9.1,2022-09-12
2200614,Bùi Ngọc Khanh,Ngôn ngữ,1,Đồng Nai,15,2.61,11.9,2022-09-11
2200615,Phan Gia Dũng,Du lịch,1,Khánh Hòa,20,2.45,11.1,2022-09-23
2200616,Phan Thanh Dũng,Kinh tế,2,Cần Thơ,18,2.21,3.8,2022-09-18
2200617,Phan Ngọc Giang,Kinh tế,1,Hà Nội,19,2.62,5.6,2022-09-11
2200618,Nguyễn Văn Chi,Du lịch,4,TP. Hồ Chí Minh,16,2.17,,2022-09-15
2200619,Hoàng Thanh Hà,Kỹ thuật Công nghệ,2,TP. Hồ Chí Minh,15,3.11,10.5,2022-09-15
2200620,Hoàng Hữu Chi,Kinh tế,4,TP. Hồ Chí Minh,19,2.45,7.5,2022-09-21
2200621,Huỳnh Ngọc Nam,Ngôn ngữ,3,Đồng Nai,14,2.53,7.5,2022-09-23
2200622,Bùi Gia Sơn,Kỹ thuật Công nghệ,4,Đà Nẵng,15,2.3,13.1,2022-09-05
2200623,Đặng Gia Khanh,Luật,2,Cần Thơ,24,2.57,4.4,2022-09-12
2200624,Hoàng Hữu Bình,Luật,2,Cần Thơ,15,1.99,6.1,2022-09-13
2200625,Phạm Minh Nam,Kỹ thuật Công nghệ,3,TP. Hồ Chí Minh,13,2.2,3.4,2022-09-07
2200626,Nguyễn Quốc Mai,Kỹ thuật Công nghệ,1,Cần Thơ,20,2.73,3.7,2022-09-18
2200627,Trần Quốc Hùng,Ngôn ngữ,4,TP. Hồ Chí Minh,23,2.37,13.9,2022-09-09
2200628,Nguyễn Quốc Chi,Luật,1,Bình Dương,23,2.28,7.0,2022-09-23
2200629,Trần Quốc Bình,Kinh tế,1,Cần Thơ,16,2.12,13.1,2022-09-17
2200630,Trần Quốc An,Kỹ thuật Công nghệ,3,TP. Hồ Chí Minh,20,2.53,,2022-09-17
2200631,Hoàng Quốc Khanh,Kỹ thuật Công nghệ,1,Cần Thơ,19,1.82,7.9,2022-09-09
2200632,Trần Văn Oanh,Kỹ thuật Công nghệ,4,TP. Hồ Chí Minh,22,2.42,9.3,2022-09-13
2200633,Phan Thị An,Luật,1,TP. Hồ Chí Minh,21,2.92,6.9,2022-09-16
2200634,Trần Văn Thảo,Kỹ thuật Công nghệ,3,Bình Dương,17,3.03,,2022-09-10
2200635,Hoàng Hữu Chi,Kỹ thuật Công nghệ,1,Khánh Hòa,21,2.2,5.0,2022-09-16
2200636,Bùi Minh Thảo,Kinh tế,1,TP. Hồ Chí Minh,20,2.7,9.6,2022-09-14
2200637,Phan Minh Vy,Kỹ thuật Công nghệ,1,Hà Nội,23,,5.7,2022-09-07
2200638,Phan Thị Phúc,Du lịch,4,Khánh Hòa,14,2.97,5.9,2022-09-24
2200639,Huỳnh Gia Oanh,Kinh tế,3,TP. Hồ Chí Minh,23,2.25,8.1,2022-09-12
2200640,Lê Văn Trang,Ngôn ngữ,3,,24,2.27,11.9,2022-09-06
2200641,Phạm Gia Thảo,Kỹ thuật Công nghệ,1,Lâm Đồng,19,2.1,6.7,2022-09-17
2200642,Hoàng Gia Quân,Ngôn ngữ,1,Cần Thơ,15,3.32,14.4,2022-09-12
2200643,Đặng Gia Trang,Kinh tế,3,TP. Hồ Chí Minh,14,1.73,4.7,2022-09-21
2200644,Hoàng Hữu Hùng,Luật,1,Bình Dương,23,,11.1,2022-09-13
2200645,Bùi Thị Dũng,Luật,2,TP. Hồ Chí Minh,17,2.57,7.3,2022-09-20
2200646,Đặng Quốc Linh,Kinh tế,1,Đà Nẵng,14,3.1,9.5,2022-09-22
2200647,Nguyễn Văn Trang,Kỹ thuật Công nghệ,2,Đà Nẵng,19,1.9,10.3,2022-09-17
2200648,Bùi Văn Phúc,Kỹ thuật Công nghệ,4,Bình Dương,16,2.23,5.1,2022-09-10
2200649,Lê Quốc Giang,Kỹ thuật Công nghệ,1,TP. Hồ Chí Minh,21,2.96,3.4,2022-09-17
2200650,Huỳnh Thanh Bình,Kinh tế,2,Hà Nội,19,2.75,10.0,2022-09-21
2200651,Bùi Văn Chi,Kỹ thuật Công nghệ,3,TP. Hồ Chí Minh,23,3.53,7.9,2022-09-21
2200652,Nguyễn Văn Nam,Kinh tế,1,TP. Hồ Chí Minh,23,2.4,14.9,2022-09-11
2200653,Trần Thanh Chi,Kinh tế,1,TP. Hồ Chí Minh,17,,4.4,2022-09-16
2200654,Lê Thị Khanh,Kinh tế,4,Lâm Đồng,23,3.36,9.1,2022-09-11
2200655,Phạm Thanh Yến,Kỹ thuật Công nghệ,4,Đồng Nai,15,2.66,4.9,2022-09-21
2200656,Trần Văn Nam,Kinh tế,2,TP. Hồ Chí Minh,20,2.86,12.1,2022-09-12
2200657,Đặng Ngọc Nam,Du lịch,4,TP. Hồ Chí Minh,20,3.78,8.9,2022-09-15
2200658,Trần Quốc Khanh,Luật,1,TP. Hồ Chí Minh,13,2.41,10.6,2022-09-25
2200659,Trần Ngọc An,Kinh tế,2,TP. Hồ Chí Minh,17,2.19,8.5,2022-09-07
2200660,Bùi Thanh Quân,Kinh tế,4,Cần Thơ,19,2.89,9.3,2022-09-21
2200661,Trần Ngọc Khanh,Kỹ thuật Công nghệ,2,TP. Hồ Chí Minh,19,2.78,,2022-09-14
2200662,Phan Thanh Chi,Kỹ thuật Công nghệ,3,TP. Hồ Chí Minh,14,2.61,10.0,2022-09-25
2200663,Huỳnh Gia Giang,Kinh tế,2,Lâm Đồng,21,3.26,12.8,2022-09-05
2200664,Phạm Văn Bình,Ngôn ngữ,1,Đà Nẵng,17,2.47,4.7,2022-09-08
2200665,Hoàng Ngọc Bình,Ngôn ngữ,3,TP. Hồ Chí Minh,24,3.64,,2022-09-19
2200666,Hoàng Văn Phúc,Du lịch,2,Đồng Nai,13,2.14,8.5,2022-09-18
2200667,Đặng Hữu Phúc,Luật,4,Đà Nẵng,13,2.6,9.5,2022-09-24
2200668,Hoàng Minh Mai,Luật,3,Bình Dương,14,1.82,11.3,2022-09-19
2200669,Đặng Hữu Nam,Kỹ thuật Công nghệ,1,Cần Thơ,17,2.02,6.1,2022-09-11
2200670,Nguyễn Minh Phúc,Kỹ thuật Công nghệ,2,Khánh Hòa,20,2.26,3.6,2022-09-22
2200671,Trần Hữu Linh,Kinh tế,1,TP. Hồ Chí Minh,12,2.67,11.2,2022-09-16
2200672,Huỳnh Minh Vy,Du lịch,3,TP. Hồ Chí Minh,18,2.44,11.0,2022-09-23
2200673,Huỳnh Văn Chi,Kinh tế,2,Hà Nội,13,2.67,4.7,2022-09-08
2200674,Lê Văn Hà,Ngôn ngữ,4,Cần Thơ,15,2.87,6.4,2022-09-06
2200675,Hoàng Quốc Khanh,Kỹ thuật Công nghệ,1,TP. Hồ Chí Minh,20,2.84,10.8,2022-09-09
2200676,Bùi Minh Oanh,Du lịch,3,Khánh Hòa,23,2.04,9.6,2022-09-15
2200677,Huỳnh Minh Phúc,Kỹ thuật Công nghệ,4,TP. Hồ Chí Minh,24,2.59,6.7,2022-09-18
2200678,Trần Hữu An,Kỹ thuật Công nghệ,2,Đà Nẵng,18,2.92,7.6,2022-09-14
2200679,Bùi Ngọc Tuấn,Du lịch,3,TP. Hồ Chí Minh,12,3.38,14.7,2022-09-11
2200680,Đặng Hữu Sơn,Kỹ thuật Công nghệ,1,TP. Hồ Chí Minh,20,2.56,9.7,2022-09-17
2200681,Nguyễn Văn Mai,Kỹ thuật Công nghệ,3,TP. Hồ Chí Minh,15,2.87,6.5,2022-09-06
2200682,Trần Văn Thảo,Kỹ thuật Công nghệ,3,TP. Hồ Chí Minh,17,3.23,5.8,2022-09-09
2200683,Vũ Thị Giang,Luật,4,Đồng Nai,23,2.17,10.9,2022-09-15
2200684,Nguyễn Gia Oanh,Kỹ thuật Công nghệ,2,Bình Dương,20,2.7,15.8,2022-09-17
2200685,Huỳnh Gia Bình,Ngôn ngữ,2,TP. Hồ Chí Minh,12,2.16,4.7,2022-09-16
2200686,Trần Ngọc Thảo,Kinh tế,3,TP. Hồ Chí Minh,21,2.67,7.9,2022-09-14
2200687,Trần Gia An,Kỹ thuật Công nghệ,3,TP. Hồ Chí Minh,23,2.91,15.0,2022-09-10
2200688,Bùi Thị Khanh,Kỹ thuật Công nghệ,1,Cần Thơ,17,,13.2,2022-09-22
2200689,Bùi Minh Yến,Kinh tế,3,Đồng Nai,12,3.2,1.6,2022-09-05
2200690,Lê Quốc Hà,Kinh tế,1,TP. Hồ Chí Minh,24,2.8,6.7,2022-09-09
2200691,Lê Gia Sơn,Kỹ thuật Công nghệ,2,Cần Thơ,23,3.07,12.8,2022-09-10
2200692,Phạm Minh Bình,Kỹ thuật Công nghệ,1,TP. Hồ Chí Minh,22,,11.5,2022-09-18
2200693,Vũ Hữu Hùng,Ngôn ngữ,1,Đồng Nai,18,2.09,8.7,2022-09-25
2200694,Phan Hữu Bình,Kinh tế,1,Hà Nội,22,2.95,,2022-09-21
2200695,Phạm Văn Vy,Du lịch,4,TP. Hồ Chí Minh,22,3.2,15.0,2022-09-12
2200696,Vũ Hữu Khanh,Kinh tế,1,TP. Hồ Chí Minh,19,2.72,9.4,2022-09-11
2200697,Phạm Thị Quân,Kỹ thuật Công nghệ,1,Bình Dương,16,2.58,10.6,2022-09-06
2200698,Lê Văn Phúc,Ngôn ngữ,2,Lâm Đồng,12,2.23,6.9,2022-09-22
2200699,Huỳnh Thị Dũng,Kinh tế,1,TP. Hồ Chí Minh,24,1.51,5.9,2022-09-25
2200700,Lê Quốc Khanh,Kinh tế,1,Bình Dương,15,2.17,7.6,2022-09-08
2200701,Lê Gia Mai,Kỹ thuật Công nghệ,4,Đà Nẵng,23,3.09,6.0,2022-09-20
2200702,Bùi Minh Phúc,Kinh tế,3,TP. Hồ Chí Minh,15,3.59,9.1,2022-09-21
2200703,Phạm Quốc Bình,Kinh tế,1,Hà Nội,19,3.09,7.3,2022-09-06
2200704,Phạm Hữu Linh,Ngôn ngữ,4,TP. Hồ Chí Minh,16,1.78,12.5,2022-09-16
2200705,Trần Minh Quân,Luật,3,TP. Hồ Chí Minh,24,2.12,6.9,2022-09-25
2200706,Huỳnh Thị Oanh,Kinh tế,2,Đồng Nai,19,3.01,2.6,2022-09-22
2200707,Trần Thanh Quân,Kỹ thuật Công nghệ,3,TP. Hồ Chí Minh,19,3.11,9.9,2022-09-08
2200708,Nguyễn Thị Yến,Du lịch,3,Bình Dương,14,1.96,10.7,2022-09-10
2200709,Hoàng Thanh Phúc,Kỹ thuật Công nghệ,2,TP. Hồ Chí Minh,15,2.17,7.7,2022-09-18
2200710,Phạm Gia Trang,Kinh tế,2,Cần Thơ,14,2.96,9.9,2022-09-19
2200711,Phạm Ngọc Sơn,Ngôn ngữ,3,Đồng Nai,18,3.35,5.9,2022-09-08
2200712,Vũ Minh Hà,Ngôn ngữ,2,TP. Hồ Chí Minh,23,3.02,9.9,2022-09-19
2200713,Huỳnh Văn Mai,Kỹ thuật Công nghệ,3,Bình Dương,16,2.32,8.4,2022-09-12
2200714,Đặng Ngọc Linh,Kỹ thuật Công nghệ,2,Đồng Nai,20,2.68,5.4,2022-09-13
2200715,Phạm Minh Oanh,Kinh tế,3,Đà Nẵng,19,2.26,3.8,2022-09-19
2200716,Phạm Văn Mai,Kinh tế,2,TP. Hồ Chí Minh,24,2.08,3.5,2022-09-15
2200717,Lê Minh Tuấn,Kỹ thuật Công nghệ,2,TP. Hồ Chí Minh,22,2.35,10.7,2022-09-10
2200718,Đặng Minh Oanh,Kinh tế,1,Hà Nội,14,2.3,,2022-09-05
2200719,Bùi Thị Chi,Ngôn ngữ,2,TP. Hồ Chí Minh,12,2.27,7.0,2022-09-18
2200720,Nguyễn Thị Khanh,Kinh tế,3,TP. Hồ Chí Minh,13,2.19,6.7,2022-09-11
2200721,Huỳnh Văn Yến,Kỹ thuật Công nghệ,1,TP. Hồ Chí Minh,24,2.27,5.1,2022-09-07
2200722,Bùi Thị Sơn,Kỹ thuật Công nghệ,1,Bình Dương,23,2.15,5.7,2022-09-06
2200723,Đặng Ngọc Khanh,Du lịch,1,TP. Hồ Chí Minh,19,,4.9,2022-09-11
2200724,Phan Quốc Bình,Du lịch,1,TP. Hồ Chí Minh,22,2.67,7.6,2022-09-23
2200725,Trần Hữu Giang,Ngôn ngữ,4,TP. Hồ Chí Minh,22,2.89,11.0,2022-09-22
2200726,Hoàng Thanh Giang,Luật,3,Khánh Hòa,14,3.16,8.7,2022-09-08
2200727,Lê Gia Linh,Luật,3,TP. Hồ Chí Minh,21,1.81,,2022-09-17
2200728,Phạm Văn Quân,Kỹ thuật Công nghệ,2,TP. Hồ Chí Minh,19,3.15,11.8,2022-09-09
2200729,Phan Ngọc Yến,Kỹ thuật Công nghệ,3,Hà Nội,19,3.37,15.3,2022-09-24
2200730,Bùi Gia Hà,Kinh tế,3,Khánh Hòa,12,3.25,16.1,2022-09-19
2200731,Nguyễn Ngọc Bình,Du lịch,4,TP. Hồ Chí Minh,24,2.95,12.5,2022-09-24
2200732,Lê Thị Yến,Du lịch,2,TP. Hồ Chí Minh,17,3.49,10.1,2022-09-24
2200733,Nguyễn Ngọc Vy,Du lịch,4,TP. Hồ Chí Minh,17,2.72,9.0,2022-09-13
2200734,Đặng Gia Thảo,Kinh tế,3,Bình Dương,21,2.61,10.1,2022-09-25
2200735,Bùi Gia Chi,Kỹ thuật Công nghệ,3,TP. Hồ Chí Minh,19,3.13,6.6,2022-09-21
2200736,Nguyễn Ngọc Quân,Kinh tế,2,Đồng Nai,15,2.17,11.9,2022-09-14
2200737,Nguyễn Gia Vy,Kỹ thuật Công nghệ,3,TP. Hồ Chí Minh,24,1.95,4.5,2022-09-14
2200738,Phan Hữu Khanh,Ngôn ngữ,2,Đà Nẵng,16,3.19,13.4,2022-09-23
2200739,Trần Thị Vy,Kỹ thuật Công nghệ,2,TP. Hồ Chí Minh,18,,4.3,2022-09-06
2200740,Bùi Ngọc Mai,Kỹ thuật Công nghệ,2,Hà Nội,20,1.86,3.2,2022-09-10
2200741,Trần Thanh Oanh,Luật,2,TP. Hồ Chí Minh,18,2.76,8.8,2022-09-25
2200742,Đặng Gia Khanh,Luật,1,TP. Hồ Chí Minh,14,,2.4,2022-09-16
2200743,Phan Ngọc Dũng,Kinh tế,2,Cần Thơ,16,1.93,3.7,2022-09-19
2200744,Phạm Thị Dũng,Kỹ thuật Công nghệ,3,TP. Hồ Chí Minh,18,3.35,9.4,2022-09-25
2200745,Huỳnh Gia Sơn,Kỹ thuật Công nghệ,2,Đà Nẵng,18,3.14,13.2,2022-09-14
2200746,Bùi Gia Bình,Luật,2,TP. Hồ Chí Minh,23,2.89,4.6,2022-09-06
2200747,Phan Ngọc An,Du lịch,2,Bình Dương,24,2.47,12.4,2022-09-17
2200748,Đặng Văn Chi,Du lịch,1,Bình Dương,24,1.73,5.8,2022-09-25
2200749,Lê Quốc Dũng,Du lịch,4,Cần Thơ,23,3.77,9.4,2022-09-11
2200750,Lê Gia Chi,Ngôn ngữ,4,Khánh Hòa,20,2.34,4.2,2022-09-21
2200751,Hoàng Gia An,Luật,2,Đà Nẵng,18,3.69,11.1,2022-09-22
2200752,Nguyễn Ngọc Yến,Ngôn ngữ,3,TP. Hồ Chí Minh,17,2.81,8.9,2022-09-08
2200753,Trần Văn Phúc,Du lịch,4,TP. Hồ Chí Minh,19,3.46,8.2,2022-09-06
2200754,Vũ Minh Thảo,Kỹ thuật Công nghệ,4,Đà Nẵng,23,1.47,7.8,2022-09-14
2200755,Lê Gia Sơn,Kinh tế,3,TP. Hồ Chí Minh,12,3.09,13.0,2022-09-06
2200756,Phạm Ngọc Nam,Kỹ thuật Công nghệ,1,Cần Thơ,14,2.71,16.2,2022-09-12
2200757,Trần Gia Khanh,Luật,2,Bình Dương,12,2.57,10.2,2022-09-05
2200758,Lê Thanh Thảo,Kinh tế,1,Khánh Hòa,21,2.36,13.3,2022-09-11
2200759,Vũ Minh Thảo,Kỹ thuật Công nghệ,3,Bình Dương,15,2.81,4.8,2022-09-23
2200760,Phan Gia Sơn,Kinh tế,1,TP. Hồ Chí Minh,18,3.16,14.9,2022-09-22
2200761,Bùi Thanh Vy,Ngôn ngữ,1,Cần Thơ,24,2.33,8.8,2022-09-19
2200762,Phan Văn Dũng,Kinh tế,1,TP. Hồ Chí Minh,13,1.81,,2022-09-08
2200763,Phạm Thị Dũng,Kinh tế,2,TP. Hồ Chí Minh,23,2.09,8.9,2022-09-08
2200764,Đặng Văn Tuấn,Kỹ thuật Công nghệ,1,Đồng Nai,20,2.8,14.8,2022-09-13
2200765,Hoàng Thanh Dũng,Kỹ thuật Công nghệ,3,Đồng Nai,12,2.91,9.7,2022-09-24
2200766,Bùi Minh Sơn,Kỹ thuật Công nghệ,4,TP. Hồ Chí Minh,12,2.03,8.5,2022-09-18
2200767,Lê Minh Dũng,Ngôn ngữ,2,Cần Thơ,14,1.36,3.8,2022-09-10
2200768,Huỳnh Gia Linh,Kỹ thuật Công nghệ,1,Hà Nội,15,2.6,5.2,2022-09-11
2200769,Đặng Quốc Sơn,Kinh tế,4,Bình Dương,13,2.6,13.6,2022-09-19
2200770,Vũ Văn Dũng,Du lịch,3,TP. Hồ Chí Minh,14,2.83,9.5,2022-09-13
2200771,Trần Thanh An,Kinh tế,1,Lâm Đồng,16,2.91,12.9,2022-09-13
2200772,Bùi Quốc Nam,Ngôn ngữ,1,Đồng Nai,16,2.7,10.3,2022-09-24
2200773,Hoàng Văn Mai,Luật,1,Đồng Nai,18,3.13,8.8,2022-09-15
2200774,Đặng Hữu Tuấn,Luật,1,TP. Hồ Chí Minh,17,2.08,9.4,2022-09-09
2200775,Đặng Quốc Chi,Kỹ thuật Công nghệ,1,TP. Hồ Chí Minh,15,2.35,10.2,2022-09-13
2200776,Bùi Thanh Khanh,Du lịch,4,Bình Dương,16,3.28,12.6,2022-09-18
2200777,Đặng Ngọc Khanh,Kỹ thuật Công nghệ,3,Lâm Đồng,19,1.97,6.8,2022-09-13
2200778,Lê Quốc Chi,Kỹ thuật Công nghệ,3,,24,2.91,10.1,2022-09-12
2200779,Vũ Văn Phúc,Kỹ thuật Công nghệ,1,Đà Nẵng,18,2.17,,2022-09-07
2200780,Huỳnh Ngọc An,Kinh tế,3,Khánh Hòa,16,3.21,14.1,2022-09-20
2200781,Nguyễn Ngọc Bình,Kinh tế,4,Đà Nẵng,15,3.47,16.5,2022-09-08
2200782,Trần Văn Tuấn,Kỹ thuật Công nghệ,3,TP. Hồ Chí Minh,17,2.25,12.5,2022-09-11
2200783,Đặng Quốc Hùng,Du lịch,3,TP. Hồ Chí Minh,17,2.53,8.9,2022-09-14
2200784,Nguyễn Ngọc Yến,Kỹ thuật Công nghệ,2,Bình Dương,15,2.1,6.9,2022-09-23
2200785,Huỳnh Minh An,Kinh tế,3,Cần Thơ,16,2.27,10.3,2022-09-21
2200786,Huỳnh Ngọc Sơn,Ngôn ngữ,2,TP. Hồ Chí Minh,15,2.47,4.4,2022-09-09
2200787,Bùi Ngọc Dũng,Du lịch,4,TP. Hồ Chí Minh,19,2.72,14.7,2022-09-14
2200788,Phan Ngọc Yến,Luật,2,Hà Nội,14,2.58,7.5,2022-09-15
2200789,Lê Văn Phúc,Luật,2,TP. Hồ Chí Minh,19,2.6,3.9,2022-09-17
2200790,Vũ Ngọc Sơn,Ngôn ngữ,2,Đồng Nai,23,2.6,11.8,2022-09-09
2200791,Huỳnh Quốc Nam,Kinh tế,4,TP. Hồ Chí Minh,20,2.57,12.0,2022-09-24
2200792,Đặng Hữu Oanh,Kinh tế,4,Hà Nội,16,3.59,12.8,2022-09-07
2200793,Vũ Hữu Trang,Kinh tế,3,Lâm Đồng,16,3.43,9.6,2022-09-05
2200794,Hoàng Thị Dũng,Ngôn ngữ,4,TP. Hồ Chí Minh,19,2.88,11.3,2022-09-12
2200795,Nguyễn Hữu Dũng,Ngôn ngữ,2,Đồng Nai,24,2.43,11.4,2022-09-16
2200796,Vũ Gia Oanh,Luật,3,TP. Hồ Chí Minh,21,3.33,7.5,2022-09-06
2200797,Nguyễn Ngọc Hà,Ngôn ngữ,3,Lâm Đồng,24,2.67,6.1,2022-09-09
2200798,Hoàng Văn Oanh,Kinh tế,2,TP. Hồ Chí Minh,16,2.63,12.5,2022-09-07
2200799,Vũ Ngọc Yến,Du lịch,1,Hà Nội,19,3.29,13.3,2022-09-17
2200800,Nguyễn Gia Vy,Du lịch,1,Cần Thơ,18,2.38,1.3,2022-09-05
2200801,Vũ Văn Yến,Kỹ thuật Công nghệ,3,Hà Nội,19,3.08,9.7,2022-09-10
2200802,Đặng Quốc Bình,Kỹ thuật Công nghệ,2,Đà Nẵng,20,3.06,14.2,2022-09-12
2200803,Phan Hữu Tuấn,Ngôn ngữ,4,TP. Hồ Chí Minh,24,2.69,10.7,2022-09-18
2200804,Huỳnh Ngọc Nam,Kinh tế,1,TP. Hồ Chí Minh,16,3.4,10.9,2022-09-18
2200805,Đặng Văn Yến,Kỹ thuật Công nghệ,2,TP. Hồ Chí Minh,18,2.89,9.9,2022-09-24
2200806,Lê Thị Giang,Du lịch,2,TP. Hồ Chí Minh,16,2.61,5.6,2022-09-07
2200807,Trần Minh Nam,Ngôn ngữ,3,Bình Dương,16,2.8,9.5,2022-09-07
2200808,Đặng Thanh Yến,Ngôn ngữ,4,TP. Hồ Chí Minh,23,2.54,11.0,2022-09-24
2200809,Huỳnh Ngọc Thảo,Kinh tế,4,TP. Hồ Chí Minh,14,2.33,,2022-09-06
2200810,Vũ Thanh Hà,Kinh tế,2,Bình Dương,20,2.43,15.2,2022-09-10
2200811,Phạm Gia Khanh,Kỹ thuật Công nghệ,2,TP. Hồ Chí Minh,17,2.04,13.4,2022-09-08
2200812,Đặng Quốc Hà,Ngôn ngữ,3,Lâm Đồng,18,2.89,9.5,2022-09-08
2200813,Phạm Ngọc Tuấn,Kỹ thuật Công nghệ,2,Bình Dương,20,2.64,10.1,2022-09-16
2200814,Bùi Văn Chi,Kỹ thuật Công nghệ,2,Đà Nẵng,18,2.28,,2022-09-12
2200815,Bùi Thị Phúc,Du lịch,3,Đà Nẵng,13,2.46,7.4,2022-09-05
2200816,Huỳnh Văn Khanh,Kỹ thuật Công nghệ,3,Cần Thơ,13,2.46,14.1,2022-09-12
2200817,Đặng Thanh Chi,Luật,4,Đồng Nai,20,2.58,6.7,2022-09-09
2200818,Lê Minh Chi,Ngôn ngữ,3,TP. Hồ Chí Minh,22,3.03,7.8,2022-09-06
2200819,Nguyễn Quốc Phúc,Luật,2,Bình Dương,14,2.85,6.9,2022-09-07
2200820,Lê Hữu Quân,Du lịch,1,Hà Nội,12,2.82,10.6,2022-09-19
2200821,Bùi Hữu Sơn,Kỹ thuật Công nghệ,3,TP. Hồ Chí Minh,13,2.32,10.3,2022-09-14
2200822,Trần Thanh Khanh,Kinh tế,1,Hà Nội,24,2.1,6.5,2022-09-13
2200823,Hoàng Thanh Phúc,Kỹ thuật Công nghệ,1,Lâm Đồng,23,2.93,,2022-09-12
2200824,Trần Gia Hùng,Kỹ thuật Công nghệ,1,Đà Nẵng,17,,7.0,2022-09-20
2200825,Phạm Văn An,Kinh tế,3,TP. Hồ Chí Minh,13,2.76,2.8,2022-09-24
2200826,Phan Thanh Linh,Kỹ thuật Công nghệ,2,Cần Thơ,20,2.3,10.0,2022-09-14
2200827,Huỳnh Ngọc Sơn,Du lịch,3,TP. Hồ Chí Minh,17,3.17,12.7,2022-09-15
2200828,Bùi Thị Oanh,Ngôn ngữ,1,Đồng Nai,13,2.63,10.8,2022-09-24
2200829,Đặng Quốc Trang,Du lịch,3,TP. Hồ Chí Minh,21,2.83,11.1,2022-09-15
2200830,Đặng Ngọc Oanh,Ngôn ngữ,2,Đồng Nai,21,2.62,8.5,2022-09-19
2200831,Lê Thanh Quân,Luật,1,Bình Dương,17,1.66,2.0,2022-09-16
2200832,Phan Thanh Oanh,Du lịch,2,Bình Dương,12,2.55,7.3,2022-09-13
2200833,Huỳnh Gia Yến,Kinh tế,3,Khánh Hòa,12,3.15,11.4,2022-09-22
2200834,Phạm Thị Sơn,Luật,1,Hà Nội,14,2.05,10.3,2022-09-17
2200835,Huỳnh Thị Linh,Luật,4,TP. Hồ Chí Minh,21,3.26,14.6,2022-09-19
2200836,Vũ Hữu Hà,Kinh tế,1,TP. Hồ Chí Minh,16,3.38,13.7,2022-09-08
2200837,Huỳnh Ngọc Hà,Du lịch,3,TP. Hồ Chí Minh,15,2.56,5.6,2022-09-18
2200838,Vũ Thị Chi,Kinh tế,1,Đồng Nai,23,1.71,5.4,2022-09-16
2200839,Vũ Ngọc Khanh,Kinh tế,4,Cần Thơ,24,3.25,8.2,2022-09-13
2200840,Phạm Thanh Yến,Du lịch,1,Hà Nội,17,2.39,13.8,2022-09-17
2200841,Lê Văn Thảo,Ngôn ngữ,3,Hà Nội,17,2.65,13.6,2022-09-14
2200842,Đặng Gia Tuấn,Du lịch,1,Lâm Đồng,17,2.61,1.2,2022-09-05
2200843,Đặng Văn Dũng,Kỹ thuật Công nghệ,2,TP. Hồ Chí Minh,12,2.17,9.3,2022-09-22
2200844,Phạm Minh Bình,Kinh tế,3,,14,2.44,6.8,2022-09-19
2200845,Trần Ngọc An,Kinh tế,1,Đồng Nai,16,2.01,7.8,2022-09-13
2200846,Trần Thanh Yến,Kỹ thuật Công nghệ,1,Hà Nội,23,1.97,4.4,2022-09-14
2200847,Bùi Minh Chi,Kinh tế,2,Bình Dương,17,3.73,5.3,2022-09-19
2200848,Lê Minh Quân,Kinh tế,2,Cần Thơ,16,2.48,4.9,2022-09-20
2200849,Trần Quốc Phúc,Luật,4,Đà Nẵng,14,3.51,6.4,2022-09-07
2200850,Phạm Ngọc Chi,Kỹ thuật Công nghệ,4,TP. Hồ Chí Minh,17,3.28,9.7,2022-09-21
2200851,Phạm Văn Tuấn,Kỹ thuật Công nghệ,4,TP. Hồ Chí Minh,19,3.29,12.6,2022-09-19
2200852,Vũ Quốc Giang,Ngôn ngữ,2,Hà Nội,16,3.46,8.4,2022-09-18
2200853,Lê Văn Nam,Kỹ thuật Công nghệ,2,TP. Hồ Chí Minh,19,2.94,8.4,2022-09-22
2200854,Phạm Gia Vy,Kinh tế,2,TP. Hồ Chí Minh,13,2.89,8.3,2022-09-17
2200855,Phạm Minh Dũng,Kinh tế,4,Khánh Hòa,15,3.03,6.1,2022-09-18
2200856,Phạm Văn Trang,Luật,4,Khánh Hòa,23,3.83,11.3,2022-09-06
2200857,Phạm Quốc Bình,Du lịch,3,TP. Hồ Chí Minh,16,3.22,12.5,2022-09-07
2200858,Vũ Thanh Dũng,Luật,2,TP. Hồ Chí Minh,12,2.49,8.4,2022-09-07
2200859,Đặng Thanh Giang,Du lịch,2,TP. Hồ Chí Minh,24,2.74,14.1,2022-09-20
2200860,Hoàng Thị Dũng,Kỹ thuật Công nghệ,3,TP. Hồ Chí Minh,17,2.75,9.4,2022-09-07
2200861,Bùi Gia Khanh,Kỹ thuật Công nghệ,2,TP. Hồ Chí Minh,15,3.07,8.4,2022-09-05
2200862,Hoàng Hữu Oanh,Kinh tế,2,Đà Nẵng,23,3.13,3.8,2022-09-09
2200863,Phan Văn Oanh,Kỹ thuật Công nghệ,3,TP. Hồ Chí Minh,18,2.58,8.1,2022-09-19
2200864,Phan Thanh Trang,Kỹ thuật Công nghệ,2,TP. Hồ Chí Minh,21,3.18,7.2,2022-09-21
2200865,Phạm Minh Chi,Kinh tế,2,Khánh Hòa,24,1.51,5.4,2022-09-08
2200866,Huỳnh Gia Sơn,Kỹ thuật Công nghệ,3,TP. Hồ Chí Minh,14,3.11,7.8,2022-09-23
2200867,Phan Thanh Sơn,Kinh tế,4,Cần Thơ,15,2.58,8.7,2022-09-15
2200868,Phan Quốc Nam,Luật,2,TP. Hồ Chí Minh,12,3.61,13.7,2022-09-07
2200869,Lê Minh Hùng,Du lịch,2,Cần Thơ,12,2.03,5.1,2022-09-20
2200870,Vũ Thanh Giang,Du lịch,1,Đà Nẵng,12,3.15,16.1,2022-09-12
2200871,Vũ Minh Giang,Luật,2,TP. Hồ Chí Minh,17,2.23,12.5,2022-09-17
2200872,Đặng Quốc Khanh,Luật,3,Cần Thơ,13,2.75,14.6,2022-09-11
2200873,Huỳnh Văn Sơn,Du lịch,1,TP. Hồ Chí Minh,19,2.57,7.7,2022-09-07
2200874,Vũ Minh Nam,Luật,2,Cần Thơ,17,2.57,3.9,2022-09-22
2200875,Đặng Văn Giang,Du lịch,3,TP. Hồ Chí Minh,12,3.28,9.6,2022-09-23
2200876,Đặng Thị Quân,Kỹ thuật Công nghệ,1,Hà Nội,20,2.47,7.3,2022-09-15
2200877,Lê Thanh Vy,Kinh tế,4,Bình Dương,19,3.62,12.2,2022-09-09
2200878,Phạm Minh Hà,Kinh tế,3,Đồng Nai,17,2.79,0.0,2022-09-09
2200879,Vũ Văn An,Kinh tế,1,Lâm Đồng,19,2.84,7.2,2022-09-14
2200880,Vũ Thanh Dũng,Du lịch,1,TP. Hồ Chí Minh,16,2.52,8.8,2022-09-23
2200881,Phạm Quốc Trang,Kỹ thuật Công nghệ,1,Đà Nẵng,16,1.68,9.2,2022-09-08
2200882,Trần Minh Hà,Kỹ thuật Công nghệ,1,Cần Thơ,22,2.71,4.7,2022-09-17
2200883,Huỳnh Thị Dũng,Kỹ thuật Công nghệ,1,Cần Thơ,15,2.26,2.7,2022-09-24
2200884,Phan Hữu Trang,Kinh tế,2,Đà Nẵng,19,2.89,6.3,2022-09-05
2200885,Hoàng Thanh Nam,Kinh tế,4,Hà Nội,23,2.81,1.1,2022-09-14
2200886,Nguyễn Ngọc Hà,Kỹ thuật Công nghệ,1,Đà Nẵng,22,,9.3,2022-09-24
2200887,Bùi Văn Giang,Kỹ thuật Công nghệ,2,TP. Hồ Chí Minh,12,1.76,4.3,2022-09-13
2200888,Bùi Văn Yến,Kinh tế,2,TP. Hồ Chí Minh,23,3.14,5.1,2022-09-20
2200889,Trần Thanh Bình,Kỹ thuật Công nghệ,4,Đà Nẵng,14,3.34,12.3,2022-09-19
2200890,Trần Gia An,Ngôn ngữ,3,TP. Hồ Chí Minh,22,2.92,11.6,2022-09-11
2200891,Huỳnh Văn Nam,Du lịch,2,Khánh Hòa,19,2.13,5.8,2022-09-19
2200892,Huỳnh Quốc Mai,Kinh tế,2,Đồng Nai,20,2.66,15.4,2022-09-18
2200893,Huỳnh Gia Nam,Du lịch,1,TP. Hồ Chí Minh,19,3.38,13.9,2022-09-06
2200894,Huỳnh Quốc Tuấn,Luật,4,TP. Hồ Chí Minh,13,2.89,13.2,2022-09-23
2200895,Trần Văn Yến,Luật,3,TP. Hồ Chí Minh,24,2.55,11.4,2022-09-07
2200896,Phan Hữu Bình,Kỹ thuật Công nghệ,2,Hà Nội,23,,10.4,2022-09-12
2200897,Vũ Ngọc Bình,Kỹ thuật Công nghệ,1,Cần Thơ,23,,8.8,2022-09-23
2200898,Hoàng Thanh Bình,Luật,3,Hà Nội,14,2.68,7.0,2022-09-11
2200899,Bùi Ngọc Linh,Kinh tế,4,Đồng Nai,18,3.01,12.1,2022-09-14
2200900,Bùi Gia Tuấn,Ngôn ngữ,3,Bình Dương,12,2.6,7.5,2022-09-21
2200901,Bùi Thị Trang,Du lịch,3,Cần Thơ,20,2.62,13.2,2022-09-10
2200902,Nguyễn Thanh Tuấn,Kỹ thuật Công nghệ,1,Đồng Nai,18,2.55,10.4,2022-09-13
2200903,Đặng Quốc Oanh,Kỹ thuật Công nghệ,4,TP. Hồ Chí Minh,21,2.58,11.9,2022-09-25
2200904,Huỳnh Minh Giang,Kỹ thuật Công nghệ,3,TP. Hồ Chí Minh,17,3.05,5.3,2022-09-10
2200905,Phạm Gia Mai,Ngôn ngữ,2,TP. Hồ Chí Minh,21,2.24,7.9,2022-09-05
2200906,Trần Minh Thảo,Du lịch,1,TP. Hồ Chí Minh,24,2.47,5.8,2022-09-22
2200907,Bùi Thanh Sơn,Ngôn ngữ,2,TP. Hồ Chí Minh,18,2.19,9.9,2022-09-06
2200908,Lê Văn Hà,Du lịch,2,TP. Hồ Chí Minh,19,,7.6,2022-09-09
2200909,Vũ Thanh Bình,Luật,3,TP. Hồ Chí Minh,17,2.77,4.7,2022-09-10
2200910,Hoàng Ngọc Linh,Kỹ thuật Công nghệ,1,Đà Nẵng,19,2.26,7.0,2022-09-09
2200911,Lê Văn Dũng,Kinh tế,3,TP. Hồ Chí Minh,20,2.29,0.0,2022-09-18
2200912,Đặng Ngọc Hà,Kỹ thuật Công nghệ,3,Đà Nẵng,21,3.09,,2022-09-21
2200913,Bùi Hữu Oanh,Du lịch,1,TP. Hồ Chí Minh,12,2.92,9.6,2022-09-10
2200914,Nguyễn Ngọc Bình,Kinh tế,2,Hà Nội,24,2.2,5.2,2022-09-22
2200915,Phan Hữu Trang,Kinh tế,4,Lâm Đồng,14,3.09,11.3,2022-09-05
2200916,Trần Ngọc Bình,Ngôn ngữ,1,TP. Hồ Chí Minh,23,2.35,12.4,2022-09-25
2200917,Đặng Hữu Linh,Ngôn ngữ,1,Hà Nội,13,2.59,6.4,2022-09-11
2200918,Lê Quốc Dũng,Ngôn ngữ,4,Đà Nẵng,16,3.66,7.1,2022-09-21
2200919,Bùi Gia Linh,Kinh tế,3,Đà Nẵng,19,2.55,4.2,2022-09-05
2200920,Phạm Thanh Chi,Kỹ thuật Công nghệ,1,Hà Nội,23,,8.5,2022-09-05
2200921,Nguyễn Minh Phúc,Du lịch,4,Hà Nội,17,2.86,16.2,2022-09-17
2200922,Bùi Thanh Tuấn,Du lịch,1,Bình Dương,13,2.36,8.5,2022-09-22
2200923,Huỳnh Ngọc Phúc,Kỹ thuật Công nghệ,4,TP. Hồ Chí Minh,15,2.86,0.8,2022-09-11
2200924,Hoàng Văn Giang,Kỹ thuật Công nghệ,4,Đồng Nai,22,2.89,8.7,2022-09-18
2200925,Đặng Thanh Nam,Kinh tế,1,Hà Nội,21,2.23,10.3,2022-09-05
2200926,Phạm Thị Mai,Luật,2,Hà Nội,20,2.09,11.8,2022-09-18
2200927,Đặng Hữu Yến,Kỹ thuật Công nghệ,4,Cần Thơ,20,2.49,6.2,2022-09-11
2200928,Bùi Quốc Hà,Luật,4,TP. Hồ Chí Minh,18,3.25,12.0,2022-09-13
2200929,Phạm Quốc Hà,Kỹ thuật Công nghệ,2,TP. Hồ Chí Minh,16,2.85,7.5,2022-09-19
2200930,Đặng Thanh Oanh,Du lịch,4,TP. Hồ Chí Minh,22,2.61,14.4,2022-09-15
2200931,Hoàng Thị Vy,Kinh tế,1,TP. Hồ Chí Minh,14,,8.4,2022-09-05
2200932,Hoàng Quốc An,Kỹ thuật Công nghệ,2,Bình Dương,19,2.7,10.5,2022-09-16
2200933,Huỳnh Ngọc Linh,Kỹ thuật Công nghệ,4,Khánh Hòa,19,2.57,6.3,2022-09-20
2200934,Lê Ngọc Thảo,Luật,4,TP. Hồ Chí Minh,20,3.12,9.1,2022-09-11
2200935,Đặng Gia Bình,Du lịch,3,TP. Hồ Chí Minh,16,2.35,11.9,2022-09-20
2200936,Trần Thị Hà,Kinh tế,2,Hà Nội,22,2.7,7.8,2022-09-06
2200937,Hoàng Văn Hà,Ngôn ngữ,1,Đà Nẵng,18,1.68,7.4,2022-09-09
2200938,Đặng Thanh Hùng,Du lịch,2,TP. Hồ Chí Minh,12,2.04,5.5,2022-09-11
2200939,Bùi Văn Hùng,Kinh tế,4,TP. Hồ Chí Minh,17,3.16,11.4,2022-09-06
2200940,Phan Quốc Oanh,Ngôn ngữ,3,TP. Hồ Chí Minh,23,2.66,10.0,2022-09-24
2200941,Vũ Gia Phúc,Du lịch,1,TP. Hồ Chí Minh,20,2.05,4.4,2022-09-10
2200942,Trần Văn Khanh,Ngôn ngữ,4,TP. Hồ Chí Minh,22,3.25,9.6,2022-09-17
2200943,Đặng Văn Sơn,Ngôn ngữ,3,Đà Nẵng,13,3.0,13.1,2022-09-06
2200944,Phan Ngọc Quân,Kỹ thuật Công nghệ,3,TP. Hồ Chí Minh,19,2.54,8.3,2022-09-07
2200945,Phan Quốc Oanh,Du lịch,1,Cần Thơ,13,3.1,5.2,2022-09-09
2200946,Đặng Hữu Mai,Kỹ thuật Công nghệ,2,Hà Nội,16,2.54,8.8,2022-09-12
2200947,Đặng Gia Oanh,Luật,2,TP. Hồ Chí Minh,23,2.31,9.7,2022-09-13
2200948,Phạm Thị Bình,Ngôn ngữ,3,TP. Hồ Chí Minh,16,2.73,13.3,2022-09-20
2200949,Đặng Thanh Phúc,Ngôn ngữ,4,Cần Thơ,24,2.71,10.1,2022-09-05
2200950,Phạm Ngọc Tuấn,Kỹ thuật Công nghệ,2,Hà Nội,21,1.93,15.7,2022-09-19
2200951,Phạm Gia Khanh,Kinh tế,2,Bình Dương,23,2.23,9.6,2022-09-19
2200952,Trần Minh Dũng,Kỹ thuật Công nghệ,4,,24,2.74,10.6,2022-09-12
2200953,Hoàng Quốc An,Kinh tế,2,Đồng Nai,18,2.67,5.8,2022-09-20
2200954,Vũ Quốc Oanh,Kỹ thuật Công nghệ,2,TP. Hồ Chí Minh,15,2.6,5.3,2022-09-11
2200955,Hoàng Thanh Hùng,Kỹ thuật Công nghệ,3,TP. Hồ Chí Minh,19,2.37,5.1,2022-09-16
2200956,Lê Gia An,Kỹ thuật Công nghệ,2,TP. Hồ Chí Minh,12,3.12,5.1,2022-09-20
2200957,Trần Ngọc Phúc,Luật,1,TP. Hồ Chí Minh,12,1.58,4.0,2022-09-11
2200958,Phan Thanh Khanh,Luật,1,TP. Hồ Chí Minh,15,3.73,16.7,2022-09-22
2200959,Bùi Văn Tuấn,Kinh tế,4,,20,3.28,11.6,2022-09-05
2200960,Phan Gia Vy,Ngôn ngữ,4,TP. Hồ Chí Minh,23,2.82,8.1,2022-09-13
2200961,Hoàng Ngọc Nam,Kinh tế,3,Đà Nẵng,15,3.27,2.5,2022-09-13
2200962,Huỳnh Quốc Mai,Ngôn ngữ,4,Đà Nẵng,12,1.74,7.1,2022-09-22
2200963,Lê Hữu An,Kinh tế,3,Đà Nẵng,22,2.51,3.6,2022-09-12
2200964,Phan Gia Quân,Luật,1,TP. Hồ Chí Minh,17,3.11,8.4,2022-09-19
2200965,Vũ Hữu Oanh,Kinh tế,3,Hà Nội,15,3.29,8.0,2022-09-24
2200966,Hoàng Gia Hà,Ngôn ngữ,1,TP. Hồ Chí Minh,14,3.21,8.2,2022-09-24
2200967,Bùi Minh Thảo,Luật,2,Đồng Nai,23,1.79,5.0,2022-09-11
2200968,Lê Gia Linh,Kinh tế,1,Cần Thơ,13,2.11,7.6,2022-09-14
2200969,Đặng Thị Hùng,Du lịch,3,TP. Hồ Chí Minh,20,2.76,10.1,2022-09-10
2200970,Hoàng Ngọc Nam,Ngôn ngữ,3,Đồng Nai,15,2.68,9.9,2022-09-08
2200971,Phan Quốc Khanh,Kỹ thuật Công nghệ,1,Khánh Hòa,24,2.38,8.1,2022-09-24
2200972,Huỳnh Văn Chi,Kỹ thuật Công nghệ,1,TP. Hồ Chí Minh,20,,10.1,2022-09-13
2200973,Huỳnh Quốc An,Ngôn ngữ,2,Cần Thơ,22,2.35,8.1,2022-09-17
2200974,Trần Quốc Chi,Luật,2,TP. Hồ Chí Minh,20,1.35,3.4,2022-09-10
2200975,Lê Thị Sơn,Kinh tế,1,Cần Thơ,24,2.45,11.0,2022-09-16
2200976,Vũ Hữu Phúc,Kinh tế,1,Bình Dương,18,2.7,8.0,2022-09-21
2200977,Vũ Gia Phúc,Kỹ thuật Công nghệ,2,TP. Hồ Chí Minh,17,1.79,8.7,2022-09-22
2200978,Trần Hữu Vy,Kỹ thuật Công nghệ,2,TP. Hồ Chí Minh,24,2.57,13.7,2022-09-09
2200979,Phạm Thị Dũng,Du lịch,4,,24,3.19,8.4,2022-09-10
2200980,Trần Minh Bình,Ngôn ngữ,3,Cần Thơ,24,2.29,8.8,2022-09-05
2200981,Phan Quốc Quân,Du lịch,1,Cần Thơ,19,2.6,13.3,2022-09-19
2200982,Hoàng Ngọc Sơn,Kỹ thuật Công nghệ,4,Đà Nẵng,23,2.54,8.3,2022-09-20
2200983,Bùi Minh Dũng,Kinh tế,4,Đà Nẵng,14,2.62,8.7,2022-09-10
2200984,Phạm Gia Bình,Kỹ thuật Công nghệ,3,Đồng Nai,17,2.49,10.7,2022-09-21
2200985,Huỳnh Gia Hà,Ngôn ngữ,3,Đà Nẵng,14,3.59,13.1,2022-09-17
2200986,Hoàng Gia Sơn,Kỹ thuật Công nghệ,1,TP. Hồ Chí Minh,19,2.39,8.3,2022-09-05
2200987,Lê Thanh Hùng,Kỹ thuật Công nghệ,2,TP. Hồ Chí Minh,14,2.29,8.2,2022-09-19
2200988,Bùi Quốc Giang,Kinh tế,4,TP. Hồ Chí Minh,20,2.76,,2022-09-23
2200989,Phan Hữu Thảo,Kỹ thuật Công nghệ,1,TP. Hồ Chí Minh,20,2.21,16.8,2022-09-07
2200990,Phan Minh Chi,Du lịch,1,Bình Dương,12,2.77,5.5,2022-09-16
2200991,Đặng Minh Yến,Ngôn ngữ,2,TP. Hồ Chí Minh,16,3.18,9.7,2022-09-24
2200992,Vũ Gia Khanh,Luật,2,TP. Hồ Chí Minh,18,2.69,9.2,2022-09-11
2200993,Nguyễn Thanh Trang,Kỹ thuật Công nghệ,1,Bình Dương,16,3.37,12.1,2022-09-14
2200994,Lê Văn Linh,Du lịch,1,Đồng Nai,14,2.41,11.3,2022-09-25
2200995,Phạm Thị Oanh,Kỹ thuật Công nghệ,1,Lâm Đồng,22,2.87,3.4,2022-09-23
2200996,Trần Ngọc Sơn,Ngôn ngữ,1,TP. Hồ Chí Minh,23,2.15,8.3,2022-09-09
2200997,Huỳnh Hữu Thảo,Kỹ thuật Công nghệ,3,Lâm Đồng,22,2.09,4.5,2022-09-14
2200998,Đặng Thanh Oanh,Du lịch,4,Đà Nẵng,21,2.98,9.1,2022-09-22
2200999,Trần Hữu Quân,Du lịch,4,,18,2.46,6.5,2022-09-10
2201000,Lê Hữu Trang,Kỹ thuật Công nghệ,3,TP. Hồ Chí Minh,15,1.64,2.5,2022-09-19
2201001,Hoàng Minh Tuấn,Kỹ thuật Công nghệ,3,Đà Nẵng,13,2.41,10.6,2022-09-24
2201002,Hoàng Thị Trang,Luật,2,TP. Hồ Chí Minh,21,2.51,13.2,2022-09-16
2201003,Phan Minh Oanh,Kỹ thuật Công nghệ,4,TP. Hồ Chí Minh,23,2.04,10.0,2022-09-08
2201004,Hoàng Minh Khanh,Kỹ thuật Công nghệ,4,TP. Hồ Chí Minh,14,2.91,10.3,2022-09-25
2201005,Trần Văn Bình,Ngôn ngữ,1,TP. Hồ Chí Minh,14,2.42,2.8,2022-09-14
2201006,Hoàng Quốc Phúc,Luật,3,TP. Hồ Chí Minh,23,1.97,9.9,2022-09-23
2201007,Nguyễn Gia Hà,Ngôn ngữ,1,TP. Hồ Chí Minh,16,2.18,11.5,2022-09-08
2201008,Huỳnh Gia Vy,Kỹ thuật Công nghệ,1,TP. Hồ Chí Minh,18,2.0,10.0,2022-09-13
2201009,Đặng Thanh Mai,Kỹ thuật Công nghệ,2,TP. Hồ Chí Minh,17,2.73,8.1,2022-09-25
2201010,Trần Văn Quân,Kỹ thuật Công nghệ,4,Bình Dương,21,3.54,14.8,2022-09-20
2201011,Bùi Quốc Chi,Kỹ thuật Công nghệ,2,Đồng Nai,19,1.97,13.6,2022-09-15
2201012,Trần Hữu Vy,Ngôn ngữ,4,Hà Nội,17,2.8,9.8,2022-09-14
2201013,Phạm Thị Mai,Luật,1,Hà Nội,21,2.75,9.8,2022-09-23
2201014,Đặng Ngọc Nam,Du lịch,1,TP. Hồ Chí Minh,12,2.21,9.4,2022-09-05
2201015,Phạm Gia Yến,Ngôn ngữ,2,TP. Hồ Chí Minh,13,3.87,8.7,2022-09-09
2201016,Phạm Thị Giang,Du lịch,4,Hà Nội,14,2.78,6.7,2022-09-12
2201017,Lê Ngọc Bình,Kinh tế,2,TP. Hồ Chí Minh,12,2.22,5.5,2022-09-20
2201018,Phan Thanh Quân,Ngôn ngữ,2,Bình Dương,18,1.99,5.7,2022-09-22
2201019,Lê Quốc Hùng,Kỹ thuật Công nghệ,4,TP. Hồ Chí Minh,19,2.68,11.7,2022-09-21
2201020,Phan Thị Hùng,Du lịch,2,TP. Hồ Chí Minh,16,2.03,3.7,2022-09-13
2201021,Đặng Gia Bình,Ngôn ngữ,4,Lâm Đồng,18,2.39,7.9,2022-09-20
2201022,Trần Thanh Quân,Ngôn ngữ,2,TP. Hồ Chí Minh,12,2.25,10.9,2022-09-18
2201023,Đặng Gia Thảo,Ngôn ngữ,3,Hà Nội,15,2.87,6.8,2022-09-12
2201024,Hoàng Gia Linh,Ngôn ngữ,3,Lâm Đồng,14,3.56,5.2,2022-09-07
2201025,Hoàng Hữu Thảo,Kinh tế,1,Hà Nội,24,2.17,10.3,2022-09-06
2201026,Bùi Thị Hà,Ngôn ngữ,3,Đà Nẵng,16,2.92,15.1,2022-09-14
2201027,Bùi Gia Quân,Kinh tế,4,Lâm Đồng,20,2.92,12.9,2022-09-24
2201028,Nguyễn Văn Chi,Kinh tế,4,TP. Hồ Chí Minh,13,2.24,,2022-09-07
2201029,Nguyễn Ngọc Trang,Kỹ thuật Công nghệ,4,TP. Hồ Chí Minh,19,2.54,,2022-09-06
2201030,Hoàng Thị Mai,Kỹ thuật Công nghệ,4,Lâm Đồng,20,3.25,9.1,2022-09-14
2201031,Huỳnh Gia Vy,Kỹ thuật Công nghệ,3,Hà Nội,22,3.13,10.7,2022-09-10
2201032,Phạm Minh Yến,Kinh tế,1,TP. Hồ Chí Minh,15,2.63,9.7,2022-09-11
2201033,Hoàng Minh Phúc,Kinh tế,2,TP. Hồ Chí Minh,22,2.15,3.0,2022-09-06
2201034,Huỳnh Hữu Nam,Kỹ thuật Công nghệ,3,Khánh Hòa,13,2.55,11.7,2022-09-24
2201035,Nguyễn Ngọc Quân,Ngôn ngữ,3,Hà Nội,23,2.54,7.0,2022-09-15
2201036,Đặng Thanh Hùng,Ngôn ngữ,2,Đà Nẵng,17,2.8,14.0,2022-09-13
2201037,Hoàng Gia Nam,Luật,1,TP. Hồ Chí Minh,22,,12.5,2022-09-21
2201038,Huỳnh Thanh Khanh,Kỹ thuật Công nghệ,1,Cần Thơ,23,2.3,7.1,2022-09-20
2201039,Phạm Thị Thảo,Ngôn ngữ,1,Bình Dương,19,1.95,3.2,2022-09-12
2201040,Bùi Thị Hùng,Kinh tế,4,Hà Nội,23,2.57,5.6,2022-09-10
2201041,Vũ Gia Mai,Luật,1,Cần Thơ,18,,8.8,2022-09-20
2201042,Bùi Quốc Dũng,Kinh tế,4,TP. Hồ Chí Minh,20,2.28,9.5,2022-09-24
2201043,Phan Thị Mai,Kinh tế,2,Đà Nẵng,17,1.6,14.1,2022-09-13
2201044,Huỳnh Thanh Bình,Kinh tế,3,Đồng Nai,20,2.42,8.5,2022-09-14
2201045,Hoàng Hữu Tuấn,Kỹ thuật Công nghệ,2,TP. Hồ Chí Minh,13,2.3,15.6,2022-09-24
2201046,Huỳnh Thị Phúc,Kinh tế,2,TP. Hồ Chí Minh,15,3.0,9.1,2022-09-11
2201047,Bùi Quốc Vy,Ngôn ngữ,2,Bình Dương,24,2.36,7.2,2022-09-05
2201048,Đặng Quốc Bình,Ngôn ngữ,4,Cần Thơ,18,3.42,8.2,2022-09-11
2201049,Bùi Văn Khanh,Kỹ thuật Công nghệ,1,Đà Nẵng,13,3.28,1.3,2022-09-15
2201050,Huỳnh Ngọc Giang,Kỹ thuật Công nghệ,1,TP. Hồ Chí Minh,22,,6.5,2022-09-19
2201051,Vũ Hữu Thảo,Ngôn ngữ,1,Đà Nẵng,21,2.34,5.7,2022-09-22
2201052,Trần Gia Khanh,Ngôn ngữ,4,Cần Thơ,12,2.08,6.0,2022-09-22
2201053,Bùi Quốc Phúc,Kinh tế,3,Khánh Hòa,23,2.17,10.6,2022-09-23
2201054,Vũ Thanh Yến,Ngôn ngữ,3,TP. Hồ Chí Minh,14,3.17,14.3,2022-09-07
2201055,Lê Thanh Linh,Kỹ thuật Công nghệ,3,TP. Hồ Chí Minh,24,2.35,5.6,2022-09-23
2201056,Bùi Quốc Chi,Kinh tế,2,Đà Nẵng,13,2.37,9.5,2022-09-11
2201057,Trần Gia Vy,Kinh tế,2,TP. Hồ Chí Minh,15,2.68,7.3,2022-09-15
2201058,Bùi Hữu Bình,Du lịch,3,Đồng Nai,16,,6.3,2022-09-14
2201059,Vũ Hữu Oanh,Ngôn ngữ,3,TP. Hồ Chí Minh,23,3.2,,2022-09-16
2201060,Huỳnh Hữu Bình,Kỹ thuật Công nghệ,3,Hà Nội,21,2.61,5.4,2022-09-17
2201061,Lê Quốc Trang,Kinh tế,2,TP. Hồ Chí Minh,15,2.09,9.3,2022-09-13
2201062,Bùi Gia Thảo,Kỹ thuật Công nghệ,1,Hà Nội,20,2.56,10.6,2022-09-17
2201063,Phạm Văn Hùng,Du lịch,2,TP. Hồ Chí Minh,21,3.26,13.9,2022-09-09
2201064,Vũ Ngọc Hà,Kinh tế,4,Bình Dương,21,2.47,7.7,2022-09-18
2201065,Huỳnh Thị Bình,Kinh tế,3,TP. Hồ Chí Minh,12,2.46,14.1,2022-09-18
2201066,Nguyễn Minh Khanh,Kỹ thuật Công nghệ,3,TP. Hồ Chí Minh,20,3.23,10.9,2022-09-25
2201067,Phạm Minh Yến,Ngôn ngữ,2,TP. Hồ Chí Minh,15,1.87,5.9,2022-09-23
2201068,Đặng Thanh Yến,Kinh tế,4,Lâm Đồng,18,2.59,5.5,2022-09-12
2201069,Huỳnh Gia Thảo,Luật,3,Đồng Nai,12,2.24,9.9,2022-09-08
2201070,Bùi Thị Bình,Ngôn ngữ,3,Khánh Hòa,20,1.98,4.4,2022-09-05
2201071,Hoàng Thị Hùng,Kỹ thuật Công nghệ,1,Cần Thơ,20,3.64,15.1,2022-09-11
2201072,Nguyễn Gia Khanh,Kỹ thuật Công nghệ,1,TP. Hồ Chí Minh,18,,2.2,2022-09-06
2201073,Huỳnh Hữu Oanh,Kinh tế,1,Hà Nội,23,1.85,7.3,2022-09-08
2201074,Phan Gia Tuấn,Kỹ thuật Công nghệ,3,Đà Nẵng,14,2.29,6.4,2022-09-18
2201075,Vũ Thanh Oanh,Ngôn ngữ,4,TP. Hồ Chí Minh,16,2.71,10.8,2022-09-25
2201076,Bùi Thanh Giang,Luật,3,TP. Hồ Chí Minh,20,2.72,10.0,2022-09-25
2201077,Nguyễn Văn Tuấn,Kỹ thuật Công nghệ,1,Lâm Đồng,20,1.45,9.0,2022-09-13
2201078,Lê Gia Phúc,Kỹ thuật Công nghệ,4,TP. Hồ Chí Minh,17,2.44,3.0,2022-09-08
2201079,Bùi Hữu Oanh,Ngôn ngữ,1,TP. Hồ Chí Minh,16,1.95,7.8,2022-09-10
2201080,Đặng Ngọc Tuấn,Ngôn ngữ,3,TP. Hồ Chí Minh,12,3.74,14.9,2022-09-22
2201081,Hoàng Thanh Vy,Kỹ thuật Công nghệ,2,Khánh Hòa,18,2.6,14.9,2022-09-10
2201082,Lê Văn Oanh,Kỹ thuật Công nghệ,4,TP. Hồ Chí Minh,22,2.58,9.9,2022-09-08
2201083,Vũ Thanh Khanh,Kinh tế,2,Đồng Nai,12,2.56,11.2,2022-09-13
2201084,Nguyễn Gia Thảo,Kỹ thuật Công nghệ,2,Đà Nẵng,23,2.3,12.5,2022-09-18
2201085,Huỳnh Gia Quân,Kỹ thuật Công nghệ,1,TP. Hồ Chí Minh,19,1.56,8.1,2022-09-09
2201086,Hoàng Thị Giang,Kỹ thuật Công nghệ,4,Cần Thơ,20,3.11,9.2,2022-09-15
2201087,Lê Ngọc Linh,Kỹ thuật Công nghệ,3,Đồng Nai,16,3.04,5.8,2022-09-05
2201088,Hoàng Ngọc Sơn,Ngôn ngữ,4,Khánh Hòa,20,2.38,8.0,2022-09-09
2201089,Đặng Thanh An,Kỹ thuật Công nghệ,4,Đà Nẵng,16,3.58,17.3,2022-09-24
2201090,Bùi Thị Linh,Kinh tế,4,Đà Nẵng,22,3.06,14.4,2022-09-07
2201091,Phan Hữu Dũng,Kỹ thuật Công nghệ,1,TP. Hồ Chí Minh,13,3.21,13.8,2022-09-23
2201092,Trần Văn Trang,Luật,1,Bình Dương,14,2.79,6.1,2022-09-21
2201093,Huỳnh Ngọc Yến,Du lịch,1,,19,2.25,5.5,2022-09-11
2201094,Huỳnh Thị Khanh,Ngôn ngữ,1,TP. Hồ Chí Minh,19,3.13,11.9,2022-09-12
2201095,Phan Thị Nam,Kinh tế,2,TP. Hồ Chí Minh,19,2.09,13.5,2022-09-24
2201096,Vũ Minh Trang,Kỹ thuật Công nghệ,2,Lâm Đồng,19,2.61,5.0,2022-09-19
2201097,Vũ Ngọc Hà,Kinh tế,3,TP. Hồ Chí Minh,21,2.34,14.2,2022-09-14
2201098,Trần Hữu Sơn,Ngôn ngữ,4,TP. Hồ Chí Minh,24,2.55,6.8,2022-09-12
2201099,Nguyễn Gia Linh,Du lịch,2,Đà Nẵng,13,2.81,4.5,2022-09-06
2201100,Bùi Minh Bình,Ngôn ngữ,1,Cần Thơ,16,2.29,3.2,2022-09-18
2201101,Bùi Hữu Quân,Kinh tế,1,TP. Hồ Chí Minh,14,1.37,7.5,2022-09-08
2201102,Bùi Gia Giang,Kỹ thuật Công nghệ,2,TP. Hồ Chí Minh,14,2.69,15.1,2022-09-13
2201103,Trần Minh Trang,Kỹ thuật Công nghệ,1,Hà Nội,18,1.78,6.8,2022-09-15
2201104,Hoàng Ngọc Thảo,Du lịch,2,Bình Dương,21,2.69,6.6,2022-09-12
2201105,Lê Minh Quân,Kỹ thuật Công nghệ,3,TP. Hồ Chí Minh,18,2.48,9.2,2022-09-08
2201106,Đặng Ngọc Nam,Kinh tế,1,TP. Hồ Chí Minh,18,2.85,3.2,2022-09-12
2201107,Huỳnh Gia Vy,Du lịch,2,TP. Hồ Chí Minh,20,2.39,11.2,2022-09-14
2201108,Nguyễn Thị Quân,Kỹ thuật Công nghệ,3,Hà Nội,21,2.81,12.4,2022-09-06
2201109,Đặng Thị An,Du lịch,2,Bình Dương,14,3.08,,2022-09-12
2201110,Phan Minh Linh,Kỹ thuật Công nghệ,1,TP. Hồ Chí Minh,13,2.22,10.7,2022-09-23
2201111,Nguyễn Thanh Oanh,Ngôn ngữ,1,TP. Hồ Chí Minh,20,2.47,10.8,2022-09-10
2201112,Phan Văn Giang,Kinh tế,3,TP. Hồ Chí Minh,21,2.57,4.9,2022-09-20
2201113,Lê Văn An,Luật,3,Hà Nội,20,3.95,8.5,2022-09-25
2201114,Trần Gia Mai,Du lịch,3,TP. Hồ Chí Minh,14,2.5,1.5,2022-09-07
2201115,Đặng Minh Khanh,Kinh tế,4,TP. Hồ Chí Minh,16,2.42,11.2,2022-09-25
2201116,Lê Thị Yến,Kỹ thuật Công nghệ,1,Đà Nẵng,22,2.34,10.3,2022-09-05
2201117,Đặng Quốc Thảo,Kinh tế,1,Bình Dương,18,2.91,9.0,2022-09-21
2201118,Phạm Thanh Thảo,Kỹ thuật Công nghệ,3,Đồng Nai,22,3.14,4.6,2022-09-05
2201119,Lê Gia Thảo,Luật,4,TP. Hồ Chí Minh,13,3.18,9.2,2022-09-16
2201120,Nguyễn Hữu Phúc,Luật,4,Khánh Hòa,18,2.67,10.0,2022-09-18
2201121,Đặng Quốc Hà,Kỹ thuật Công nghệ,1,Bình Dương,18,2.27,7.2,2022-09-15
2201122,Phan Văn Hà,Ngôn ngữ,1,TP. Hồ Chí Minh,23,3.09,4.2,2022-09-12
2201123,Phan Văn Yến,Ngôn ngữ,1,Đà Nẵng,23,3.22,8.7,2022-09-12
2201124,Nguyễn Văn Yến,Kinh tế,2,Hà Nội,20,3.21,8.4,2022-09-07
2201125,Trần Thị Sơn,Ngôn ngữ,1,Cần Thơ,22,2.1,9.3,2022-09-10
2201126,Bùi Quốc Trang,Ngôn ngữ,3,Khánh Hòa,24,3.09,4.7,2022-09-06
2201127,Trần Quốc Linh,Kinh tế,1,Đồng Nai,24,1.97,3.0,2022-09-16
2201128,Phan Minh Yến,Luật,1,TP. Hồ Chí Minh,17,2.83,11.3,2022-09-23
2201129,Đặng Gia Dũng,Kinh tế,1,TP. Hồ Chí Minh,20,1.9,11.2,2022-09-11
2201130,Hoàng Thanh Yến,Ngôn ngữ,1,Hà Nội,22,2.39,10.2,2022-09-18
2201131,Vũ Hữu Chi,Kỹ thuật Công nghệ,3,Hà Nội,22,3.08,8.3,2022-09-23
2201132,Phan Gia Quân,Kỹ thuật Công nghệ,4,Hà Nội,17,3.17,4.3,2022-09-12
2201133,Huỳnh Minh Dũng,Ngôn ngữ,3,TP. Hồ Chí Minh,21,2.67,9.5,2022-09-16
2201134,Đặng Hữu Giang,Kỹ thuật Công nghệ,1,Khánh Hòa,24,,2.7,2022-09-21
2201135,Bùi Thanh Mai,Kinh tế,4,Đà Nẵng,17,3.23,13.0,2022-09-12
2201136,Lê Minh Hà,Luật,1,TP. Hồ Chí Minh,13,1.97,9.7,2022-09-19
2201137,Lê Văn Quân,Kỹ thuật Công nghệ,1,Hà Nội,14,2.2,4.9,2022-09-07
2201138,Vũ Ngọc Bình,Du lịch,2,Đà Nẵng,13,2.74,5.4,2022-09-14
2201139,Phan Gia Trang,Ngôn ngữ,4,TP. Hồ Chí Minh,24,2.61,7.2,2022-09-25
2201140,Lê Gia Quân,Du lịch,3,Đà Nẵng,20,2.38,9.4,2022-09-20
2201141,Huỳnh Thị Chi,Kinh tế,4,Đồng Nai,13,2.8,11.9,2022-09-07
2201142,Hoàng Hữu Hùng,Luật,3,TP. Hồ Chí Minh,18,2.71,14.3,2022-09-13
2201143,Hoàng Ngọc Tuấn,Kỹ thuật Công nghệ,3,Đồng Nai,14,2.62,9.2,2022-09-20
2201144,Phan Thị Hà,Du lịch,1,TP. Hồ Chí Minh,21,2.21,6.4,2022-09-22
2201145,Vũ Gia Thảo,Kỹ thuật Công nghệ,1,TP. Hồ Chí Minh,23,,7.0,2022-09-13
2201146,Vũ Ngọc Bình,Kinh tế,2,TP. Hồ Chí Minh,16,3.43,3.2,2022-09-23
2201147,Hoàng Thị Hùng,Kỹ thuật Công nghệ,4,TP. Hồ Chí Minh,23,3.26,8.5,2022-09-22
2201148,Đặng Quốc Linh,Du lịch,4,TP. Hồ Chí Minh,20,2.63,8.2,2022-09-21
2201149,Trần Thanh Quân,Kỹ thuật Công nghệ,2,TP. Hồ Chí Minh,22,2.01,9.4,2022-09-08
2201150,Đặng Thị Dũng,Du lịch,3,Cần Thơ,15,2.58,7.5,2022-09-21
2201151,Phạm Ngọc Linh,Ngôn ngữ,1,TP. Hồ Chí Minh,15,,4.2,2022-09-22
2201152,Đặng Minh Bình,Kinh tế,4,Hà Nội,15,2.8,17.0,2022-09-05
2201153,Nguyễn Gia An,Kinh tế,2,TP. Hồ Chí Minh,15,3.03,11.5,2022-09-21
2201154,Huỳnh Gia Giang,Kỹ thuật Công nghệ,1,Đồng Nai,13,2.6,6.9,2022-09-09
2201155,Trần Văn Bình,Luật,3,TP. Hồ Chí Minh,16,2.64,4.4,2022-09-16
2201156,Bùi Minh Dũng,Kinh tế,3,Đà Nẵng,20,2.74,6.8,2022-09-07
2201157,Phạm Gia Linh,Kinh tế,1,Hà Nội,18,2.78,6.6,2022-09-06
2201158,Lê Ngọc Hà,Kỹ thuật Công nghệ,3,Đồng Nai,15,2.77,5.0,2022-09-05
2201159,Vũ Thanh Chi,Kỹ thuật Công nghệ,3,Đồng Nai,23,,6.0,2022-09-14
2201160,Vũ Minh Quân,Ngôn ngữ,2,Bình Dương,21,2.93,11.5,2022-09-13
2201161,Hoàng Quốc Khanh,Kỹ thuật Công nghệ,1,TP. Hồ Chí Minh,21,2.91,,2022-09-09
2201162,Vũ Thanh Phúc,Du lịch,1,Bình Dương,13,,10.9,2022-09-06
2201163,Lê Quốc Vy,Kinh tế,1,TP. Hồ Chí Minh,15,1.86,3.2,2022-09-23
2201164,Trần Minh Trang,Kinh tế,2,TP. Hồ Chí Minh,14,2.44,,2022-09-25
2201165,Phạm Quốc Quân,Du lịch,4,TP. Hồ Chí Minh,23,2.25,7.5,2022-09-12
2201166,Huỳnh Thanh Nam,Kỹ thuật Công nghệ,4,Lâm Đồng,18,2.17,12.1,2022-09-06
2201167,Nguyễn Minh Mai,Kỹ thuật Công nghệ,4,Khánh Hòa,22,2.95,9.6,2022-09-18
2201168,Vũ Hữu Quân,Ngôn ngữ,4,Đà Nẵng,18,3.29,12.4,2022-09-25
2201169,Phạm Văn Khanh,Kỹ thuật Công nghệ,3,Bình Dương,14,3.55,8.4,2022-09-18
2201170,Hoàng Ngọc Vy,Ngôn ngữ,3,Cần Thơ,21,2.49,7.1,2022-09-10
2201171,Phạm Gia Tuấn,Kỹ thuật Công nghệ,1,TP. Hồ Chí Minh,21,2.39,15.3,2022-09-13
2201172,Huỳnh Thị Hà,Du lịch,3,Khánh Hòa,16,2.69,8.7,2022-09-07
2201173,Đặng Gia Hùng,Kinh tế,1,TP. Hồ Chí Minh,12,,1.4,2022-09-12
2201174,Nguyễn Quốc Sơn,Kinh tế,1,TP. Hồ Chí Minh,23,3.11,,2022-09-21
2201175,Phan Gia Dũng,Luật,4,Đồng Nai,19,3.75,15.7,2022-09-18
2201176,Lê Gia Hà,Du lịch,4,TP. Hồ Chí Minh,12,2.25,4.6,2022-09-10
2201177,Bùi Gia Tuấn,Du lịch,3,Cần Thơ,24,3.09,6.3,2022-09-23
2201178,Đặng Quốc Mai,Du lịch,3,Hà Nội,12,3.05,6.5,2022-09-17
2201179,Phan Minh Trang,Kỹ thuật Công nghệ,1,TP. Hồ Chí Minh,17,1.78,5.3,2022-09-19
2201180,Huỳnh Thanh Dũng,Kỹ thuật Công nghệ,3,TP. Hồ Chí Minh,12,,11.9,2022-09-22
2201181,Trần Văn Trang,Kỹ thuật Công nghệ,1,TP. Hồ Chí Minh,23,2.23,3.0,2022-09-06
2201182,Trần Thị Linh,Kinh tế,4,TP. Hồ Chí Minh,15,2.45,9.1,2022-09-24
2201183,Nguyễn Minh Nam,Ngôn ngữ,3,Hà Nội,16,2.62,8.4,2022-09-14
2201184,Huỳnh Ngọc Tuấn,Kỹ thuật Công nghệ,4,Cần Thơ,18,1.69,2.8,2022-09-11
2201185,Hoàng Hữu Tuấn,Kỹ thuật Công nghệ,2,Bình Dương,14,2.08,2.5,2022-09-20
2201186,Nguyễn Hữu Tuấn,Kỹ thuật Công nghệ,4,Khánh Hòa,19,1.88,10.6,2022-09-19
2201187,Nguyễn Thanh Giang,Luật,3,Bình Dương,14,2.17,7.4,2022-09-20
2201188,Bùi Gia Sơn,Kỹ thuật Công nghệ,3,TP. Hồ Chí Minh,17,3.12,11.6,2022-09-20
2201189,Đặng Hữu Khanh,Kinh tế,1,Hà Nội,16,,12.0,2022-09-17
2201190,Hoàng Văn Vy,Ngôn ngữ,2,TP. Hồ Chí Minh,22,2.5,10.7,2022-09-09
2201191,Huỳnh Ngọc Giang,Kỹ thuật Công nghệ,2,TP. Hồ Chí Minh,13,2.58,15.0,2022-09-17
2201192,Phan Văn Bình,Ngôn ngữ,2,Hà Nội,23,2.45,10.1,2022-09-22
2201193,Phạm Văn Chi,Kinh tế,2,Hà Nội,13,2.78,2.0,2022-09-15
2201194,Phan Thị Nam,Kỹ thuật Công nghệ,4,TP. Hồ Chí Minh,23,1.86,3.2,2022-09-07
2201195,Bùi Hữu Thảo,Kỹ thuật Công nghệ,3,Lâm Đồng,17,3.16,11.8,2022-09-08
2201196,Lê Hữu Vy,Ngôn ngữ,1,TP. Hồ Chí Minh,12,2.37,8.0,2022-09-18
2201197,Vũ Thị Vy,Luật,2,TP. Hồ Chí Minh,12,2.52,0.3,2022-09-16
2201198,Đặng Ngọc Thảo,Kỹ thuật Công nghệ,1,Đà Nẵng,22,2.66,9.0,2022-09-21
2201199,Hoàng Ngọc Sơn,Kinh tế,1,TP. Hồ Chí Minh,17,1.83,5.8,2022-09-22
2201200,Đặng Quốc Giang,Kinh tế,4,TP. Hồ Chí Minh,19,2.03,9.8,2022-09-06
